stock_name,Date,AdjClose,Monthly_Return
اتكاي,2021-04-30,16680.0,-0.09823214575336536
اتكاي,2021-05-31,13349.0,-0.19970023980815343
اتكاي,2021-06-30,10283.0,-0.22968012585212372
اتكاي,2021-07-31,9300.0,-0.09559467081590978
اتكاي,2021-08-31,7880.0,-0.15268817204301077
اتكاي,2021-09-30,10401.0,0.31992385786802036
اتكاي,2021-10-31,9757.0,-0.06191712335352373
اتكاي,2021-11-30,10926.0,0.11981141744388646
اتكاي,2021-12-31,10441.0,-0.04438952956251141
اتكاي,2022-01-31,11100.0,0.06311655971650221
اتكاي,2022-02-28,12990.0,0.1702702702702703
اتكاي,2022-03-31,13330.0,0.026173979984603468
اتكاي,2022-04-30,13270.0,-0.004501125281320295
اتكاي,2022-05-31,13500.0,0.017332328560663246
اتكاي,2022-06-30,12100.0,-0.10370370370370374
اتكاي,2022-07-31,11620.0,-0.03966942148760333
اتكاي,2022-08-31,8000.0,-0.3115318416523236
اتكاي,2022-09-30,7130.0,-0.10875000000000001
اتكاي,2022-10-31,5600.0,-0.21458625525946706
اتكاي,2022-11-30,5680.0,0.014285714285714235
اتكاي,2022-12-31,6010.0,0.05809859154929575
اتكاي,2023-01-31,6500.0,0.08153078202995001
اتكاي,2023-02-28,6840.0,0.05230769230769239
اتكاي,2023-03-31,6870.0,0.004385964912280604
اتكاي,2023-04-30,8850.0,0.28820960698689957
اتكاي,2023-05-31,7710.0,-0.12881355932203387
اتكاي,2023-06-30,7160.0,-0.07133592736705574
اتكاي,2023-07-31,5870.0,-0.18016759776536317
اتكاي,2023-08-31,6420.0,0.09369676320272569
اتكاي,2023-09-30,5910.0,-0.07943925233644855
اتكاي,2023-10-31,5390.0,-0.08798646362098139
اتكاي,2023-11-30,4737.0,-0.1211502782931354
اتكاي,2023-12-31,5037.0,0.06333122229259014
اتكاي,2024-01-31,4198.0,-0.16656740123089142
اتكاي,2024-02-29,4016.0,-0.043353978084802236
اتكاي,2024-03-31,4558.0,0.1349601593625498
اتكاي,2024-04-30,4170.0,-0.08512505484861776
اتكاي,2024-05-31,3411.0,-0.1820143884892086
اتكاي,2024-06-30,2872.0,-0.15801817648783345
اتكاي,2024-07-31,2687.0,-0.06441504178272983
اتكاي,2024-08-31,2527.0,-0.059545962039449174
اتكاي,2024-09-30,2667.0,0.05540166204986141
اتكاي,2024-10-31,2663.0,-0.0014998125234345627
اتكاي,2024-11-30,2394.0,-0.10101389410439354
اتكاي,2024-12-31,2897.0,0.21010860484544702
اتكاي,2025-01-31,2869.0,-0.009665170866413497
اتكاي,2025-02-28,2515.0,-0.1233879400487975
اتكاي,2025-03-31,2203.0,-0.1240556660039761
اتكاي,2025-04-30,2482.0,0.12664548343168414
اتكاي,2025-05-31,2557.0,0.030217566478646152
اتكاي,2025-06-30,2488.0,-0.02698474775127102
اتكاي,2025-07-31,2432.0,-0.022508038585209
اتكاي,2025-08-31,2367.0,-0.02672697368421051
اتكاي,2025-09-30,2722.0,0.1499788762146177
اتكاي,2025-10-31,2246.0,-0.17487141807494488
اتكاي,2025-11-30,2287.0,0.01825467497773814
اتكاي,2025-12-31,2359.0,0.031482291211193614
اتكاي,2026-01-31,2109.0,-0.10597710894446799
اتكاي,2026-02-28,2205.0,0.045519203413940224
اتكاي,2026-03-31,2205.0,0.0
اتكاي,2026-04-30,2067.0,-0.06258503401360549
اتكاي,2026-05-31,2129.0,0.029995162070633796
اعتلا,2021-04-30,7044.0,-0.188479262672811
اعتلا,2021-05-31,6771.0,-0.03875638841567286
اعتلا,2021-06-30,6450.0,-0.04740806380150642
اعتلا,2021-07-31,7480.0,0.15968992248062008
اعتلا,2021-08-31,7419.0,-0.008155080213903765
اعتلا,2021-09-30,7276.0,-0.01927483488340742
اعتلا,2021-10-31,3340.0,-0.5409565695437053
اعتلا,2021-11-30,3659.0,0.09550898203592806
اعتلا,2021-12-31,3465.0,-0.05301995080623123
اعتلا,2022-01-31,3750.0,0.08225108225108224
اعتلا,2022-02-28,3830.0,0.021333333333333426
اعتلا,2022-03-31,4460.0,0.164490861618799
اعتلا,2022-04-30,3611.0,-0.19035874439461886
اعتلا,2022-05-31,4090.0,0.13265023539185816
اعتلا,2022-06-30,3584.0,-0.12371638141809294
اعتلا,2022-07-31,2978.0,-0.1690848214285714
اعتلا,2022-08-31,3076.0,0.03290799194089988
اعتلا,2022-09-30,2866.0,-0.06827048114434331
اعتلا,2022-10-31,2881.0,0.005233775296580534
اعتلا,2022-11-30,3228.0,0.12044429017702196
اعتلا,2022-12-31,4570.0,0.415737298636927
اعتلا,2023-01-31,4294.0,-0.06039387308533917
اعتلا,2023-02-28,3602.0,-0.1611551001397299
اعتلا,2023-03-31,3412.0,-0.05274847307051633
اعتلا,2023-04-30,4860.0,0.42438452520515835
اعتلا,2023-05-31,4175.0,-0.14094650205761317
اعتلا,2023-06-30,3870.0,-0.0730538922155689
اعتلا,2023-07-31,4190.0,0.08268733850129206
اعتلا,2023-08-31,4180.0,-0.0023866348448687846
اعتلا,2023-09-30,3773.0,-0.09736842105263155
اعتلا,2023-10-31,3796.0,0.006095944871455039
اعتلا,2023-11-30,4129.0,0.08772391991570072
اعتلا,2023-12-31,4440.0,0.07532090094453858
اعتلا,2024-01-31,4180.0,-0.058558558558558516
اعتلا,2024-02-29,4079.0,-0.024162679425837275
اعتلا,2024-03-31,4169.0,0.02206423142927183
اعتلا,2024-04-30,2655.0,-0.3631566322859199
اعتلا,2024-05-31,2314.0,-0.12843691148775893
اعتلا,2024-06-30,2319.0,0.002160760587726962
اعتلا,2024-07-31,2225.0,-0.0405347132384648
اعتلا,2024-08-31,2180.0,-0.020224719101123556
اعتلا,2024-09-30,2260.0,0.03669724770642202
اعتلا,2024-10-31,2165.0,-0.042035398230088505
اعتلا,2024-11-30,2275.0,0.050808314087759765
اعتلا,2024-12-31,1949.0,-0.1432967032967033
اعتلا,2025-01-31,2231.0,0.14468958440225754
اعتلا,2025-02-28,2145.0,-0.0385477364410578
اعتلا,2025-03-31,1926.0,-0.10209790209790215
اعتلا,2025-04-30,1929.0,0.0015576323987538387
اعتلا,2025-05-31,1843.0,-0.04458268532918608
اعتلا,2025-06-30,1635.0,-0.11285946825827453
اعتلا,2025-07-31,1409.0,-0.13822629969418965
اعتلا,2025-08-31,1332.0,-0.05464868701206527
اعتلا,2025-09-30,1507.0,0.13138138138138133
اعتلا,2025-10-31,1753.0,0.16323822163238222
اعتلا,2025-11-30,1599.0,-0.08784940102681116
اعتلا,2025-12-31,2068.0,0.2933083176985616
اعتلا,2026-01-31,1649.0,-0.20261121856866537
اعتلا,2026-02-28,1723.0,0.04487568223165561
اعتلا,2026-03-31,1552.0,-0.09924550203134064
اعتلا,2026-04-30,1552.0,0.0
اعتلا,2026-05-31,1480.0,-0.046391752577319534
بتك,2021-04-30,35598.0,0.030840066023803292
بتك,2021-05-31,34949.0,-0.018231361312433303
بتك,2021-06-30,34949.0,0.0
بتك,2021-07-31,34959.0,0.0002861312197774968
بتك,2021-08-31,35648.0,0.019708801739180215
بتك,2021-09-30,35007.0,-0.017981373429084346
بتك,2021-10-31,35007.0,0.0
بتك,2021-11-30,35039.0,0.0009141028937069695
بتك,2021-12-31,35194.0,0.0044236422272325715
بتك,2022-01-31,38100.0,0.08257089276581242
بتك,2022-02-28,57200.0,0.5013123359580052
بتك,2022-03-31,81150.0,0.41870629370629375
بتك,2022-04-30,117650.0,0.4497843499691929
بتك,2022-05-31,162400.0,0.38036549086272853
بتك,2022-06-30,167550.0,0.03171182266009853
بتك,2022-07-31,167550.0,0.0
بتك,2022-08-31,218350.0,0.30319307669352424
بتك,2022-09-30,286950.0,0.3141744904969086
بتك,2022-10-31,310050.0,0.08050182958703611
بتك,2022-11-30,277550.0,-0.10482180293501053
بتك,2022-12-31,333100.0,0.20014411817690503
بتك,2023-01-31,360950.0,0.0836085259681778
بتك,2023-02-28,323050.0,-0.10500069261670586
بتك,2023-03-31,300450.0,-0.06995821080328124
بتك,2023-04-30,313850.0,0.04459976701614243
بتك,2023-05-31,289450.0,-0.07774414529233709
بتك,2023-06-30,280800.0,-0.029884263257902943
بتك,2023-07-31,285550.0,0.016915954415954504
بتك,2023-08-31,279650.0,-0.020661880581334224
بتك,2023-09-30,252900.0,-0.09565528338995177
بتك,2023-10-31,249700.0,-0.012653222617635462
بتك,2023-11-30,236000.0,-0.05486583900680819
بتك,2023-12-31,227150.0,-0.03749999999999998
بتك,2024-01-31,208850.0,-0.08056350429231784
بتك,2024-02-29,207800.0,-0.00502753172133108
بتك,2024-03-31,199000.0,-0.04234841193455241
بتك,2024-04-30,205100.0,0.030653266331658324
بتك,2024-05-31,196300.0,-0.04290589956118962
بتك,2024-06-30,193500.0,-0.01426388181355065
بتك,2024-07-31,188850.0,-0.024031007751938005
بتك,2024-08-31,192650.0,0.02012178978024881
بتك,2024-09-30,182750.0,-0.05138852841941344
بتك,2024-10-31,180050.0,-0.014774281805745582
بتك,2024-11-30,192750.0,0.07053596223271308
بتك,2024-12-31,208700.0,0.08274967574578462
بتك,2025-01-31,224200.0,0.0742692860565406
بتك,2025-02-28,225050.0,0.003791257805530801
بتك,2025-03-31,223700.0,-0.005998666962897081
بتك,2025-04-30,217850.0,-0.02615109521680825
بتك,2025-05-31,211000.0,-0.03144365389029147
بتك,2025-06-30,182950.0,-0.13293838862559237
بتك,2025-07-31,182650.0,-0.0016397922929761721
بتك,2025-08-31,182600.0,-0.00027374760470844084
بتك,2025-09-30,164650.0,-0.098302300109529
بتك,2025-10-31,150000.0,-0.08897661706650473
بتك,2025-11-30,169650.0,0.131
بتك,2025-12-31,177750.0,0.04774535809018565
بتك,2026-01-31,177150.0,-0.0033755274261603185
بتك,2026-02-28,160050.0,-0.09652836579170199
بتك,2026-03-31,160050.0,0.0
بتك,2026-04-30,160050.0,0.0
بتك,2026-05-31,159800.0,-0.0015620118712902364
بهپاك,2021-04-30,6963.0,-0.8415663610093518
بهپاك,2021-05-31,6382.0,-0.08344104552635356
بهپاك,2021-06-30,6525.0,0.02240676903791905
بهپاك,2021-07-31,7400.0,0.13409961685823757
بهپاك,2021-08-31,7656.0,0.034594594594594685
بهپاك,2021-09-30,5851.0,-0.23576280041797282
بهپاك,2021-10-31,4950.0,-0.15399077080840884
بهپاك,2021-11-30,5260.0,0.06262626262626259
بهپاك,2021-12-31,6814.0,0.2954372623574144
بهپاك,2022-01-31,6090.0,-0.10625183445846786
بهپاك,2022-02-28,5500.0,-0.09688013136288998
بهپاك,2022-03-31,6300.0,0.1454545454545455
بهپاك,2022-04-30,7450.0,0.18253968253968256
بهپاك,2022-05-31,7670.0,0.029530201342281792
بهپاك,2022-06-30,6890.0,-0.10169491525423724
بهپاك,2022-07-31,6050.0,-0.12191582002902757
بهپاك,2022-08-31,6790.0,0.12231404958677694
بهپاك,2022-09-30,6010.0,-0.11487481590574378
بهپاك,2022-10-31,5240.0,-0.1281198003327787
بهپاك,2022-11-30,6410.0,0.2232824427480915
بهپاك,2022-12-31,6590.0,0.02808112324492984
بهپاك,2023-01-31,7250.0,0.10015174506828539
بهپاك,2023-02-28,5850.0,-0.19310344827586212
بهپاك,2023-03-31,6450.0,0.10256410256410264
بهپاك,2023-04-30,8000.0,0.24031007751937983
بهپاك,2023-05-31,6340.0,-0.20750000000000002
بهپاك,2023-06-30,5770.0,-0.08990536277602523
بهپاك,2023-07-31,4287.0,-0.25701906412478337
بهپاك,2023-08-31,4450.0,0.0380219267553068
بهپاك,2023-09-30,4500.0,0.011235955056179803
بهپاك,2023-10-31,3997.0,-0.11177777777777775
بهپاك,2023-11-30,4678.0,0.17037778333750309
بهپاك,2023-12-31,4558.0,-0.025651988029072204
بهپاك,2024-01-31,4210.0,-0.07634927599824481
بهپاك,2024-02-29,3480.0,-0.17339667458432306
بهپاك,2024-03-31,3802.0,0.092528735632184
بهپاك,2024-04-30,3662.0,-0.03682272488164129
بهپاك,2024-05-31,3333.0,-0.0898416166029492
بهپاك,2024-06-30,3146.0,-0.05610561056105612
بهپاك,2024-07-31,3531.0,0.12237762237762229
بهپاك,2024-08-31,3533.0,0.0005664117813650726
بهپاك,2024-09-30,3536.0,0.0008491367110103898
بهپاك,2024-10-31,3418.0,-0.03337104072398189
بهپاك,2024-11-30,3984.0,0.1655939145699239
بهپاك,2024-12-31,4639.0,0.1644076305220883
بهپاك,2025-01-31,4750.0,0.02392757059711137
بهپاك,2025-02-28,4358.0,-0.08252631578947367
بهپاك,2025-03-31,3906.0,-0.10371730151445613
بهپاك,2025-04-30,5065.0,0.2967229902713773
بهپاك,2025-05-31,5300.0,0.04639684106614017
بهپاك,2025-06-30,4398.0,-0.17018867924528303
بهپاك,2025-07-31,4590.0,0.043656207366985056
بهپاك,2025-08-31,4431.0,-0.03464052287581698
بهپاك,2025-09-30,4306.0,-0.028210336267208258
بهپاك,2025-10-31,5180.0,0.20297259637714826
بهپاك,2025-11-30,5760.0,0.11196911196911197
بهپاك,2025-12-31,6530.0,0.13368055555555558
بهپاك,2026-01-31,7770.0,0.18989280245022977
بهپاك,2026-02-28,7410.0,-0.04633204633204635
بهپاك,2026-03-31,7410.0,0.0
بهپاك,2026-04-30,7410.0,0.0
بهپاك,2026-05-31,7410.0,0.0
تكنار,2021-04-30,115252.0,-0.08515637402762344
تكنار,2021-05-31,111384.0,-0.03356123971818281
تكنار,2021-06-30,113018.0,0.014669970552323441
تكنار,2021-07-31,99840.0,-0.116600895432586
تكنار,2021-08-31,93860.0,-0.05989583333333337
تكنار,2021-09-30,70800.0,-0.24568506285957814
تكنار,2021-10-31,58328.0,-0.17615819209039552
تكنار,2021-11-30,60291.0,0.03365450555479366
تكنار,2021-12-31,50700.0,-0.15907846942329706
تكنار,2022-01-31,49000.0,-0.0335305719921104
تكنار,2022-02-28,52200.0,0.06530612244897949
تكنار,2022-03-31,48800.0,-0.06513409961685823
تكنار,2022-04-30,55350.0,0.13422131147540983
تكنار,2022-05-31,59400.0,0.07317073170731714
تكنار,2022-06-30,51300.0,-0.13636363636363635
تكنار,2022-07-31,50450.0,-0.016569200779727122
تكنار,2022-08-31,52150.0,0.03369672943508428
تكنار,2022-09-30,49200.0,-0.056567593480345124
تكنار,2022-10-31,41000.0,-0.16666666666666663
تكنار,2022-11-30,45600.0,0.11219512195121961
تكنار,2022-12-31,53900.0,0.1820175438596492
تكنار,2023-01-31,58500.0,0.08534322820037099
تكنار,2023-02-28,55600.0,-0.04957264957264962
تكنار,2023-03-31,56350.0,0.013489208633093552
تكنار,2023-04-30,61350.0,0.08873114463176579
تكنار,2023-05-31,76250.0,0.24286878565607162
تكنار,2023-06-30,74750.0,-0.01967213114754096
تكنار,2023-07-31,84600.0,0.13177257525083608
تكنار,2023-08-31,68400.0,-0.19148936170212771
تكنار,2023-09-30,64300.0,-0.059941520467836296
تكنار,2023-10-31,56050.0,-0.1283048211508554
تكنار,2023-11-30,58500.0,0.043710972346119537
تكنار,2023-12-31,57750.0,-0.012820512820512775
تكنار,2024-01-31,55600.0,-0.03722943722943728
تكنار,2024-02-29,57600.0,0.03597122302158273
تكنار,2024-03-31,60100.0,0.04340277777777768
تكنار,2024-04-30,56100.0,-0.06655574043261236
تكنار,2024-05-31,54700.0,-0.024955436720142554
تكنار,2024-06-30,54450.0,-0.004570383912248621
تكنار,2024-07-31,53050.0,-0.025711662075298403
تكنار,2024-08-31,48550.0,-0.08482563619227146
تكنار,2024-09-30,45800.0,-0.05664263645726053
تكنار,2024-10-31,46650.0,0.018558951965065518
تكنار,2024-11-30,46250.0,-0.008574490889603381
تكنار,2024-12-31,54700.0,0.1827027027027026
تكنار,2025-01-31,63200.0,0.15539305301645334
تكنار,2025-02-28,64000.0,0.012658227848101333
تكنار,2025-03-31,62450.0,-0.024218749999999956
تكنار,2025-04-30,59000.0,-0.055244195356285
تكنار,2025-05-31,56600.0,-0.04067796610169494
تكنار,2025-06-30,56700.0,0.0017667844522968323
تكنار,2025-07-31,53650.0,-0.05379188712522043
تكنار,2025-08-31,54750.0,0.020503261882572232
تكنار,2025-09-30,47700.0,-0.12876712328767126
تكنار,2025-10-31,50400.0,0.05660377358490565
تكنار,2025-11-30,48000.0,-0.04761904761904767
تكنار,2025-12-31,54300.0,0.1312500000000001
تكنار,2026-01-31,51000.0,-0.06077348066298338
تكنار,2026-02-28,49400.0,-0.03137254901960784
تكنار,2026-03-31,49400.0,0.0
تكنار,2026-04-30,49400.0,0.0
تكنار,2026-05-31,50450.0,0.021255060728744946
ثالوند,2021-04-30,31299.0,-0.028313309118003116
ثالوند,2021-05-31,30478.0,-0.026230869995846562
ثالوند,2021-06-30,29359.0,-0.03671500754642698
ثالوند,2021-07-31,28280.0,-0.03675193296774415
ثالوند,2021-08-31,24792.0,-0.12333804809052329
ثالوند,2021-09-30,16300.0,-0.34252984833817357
ثالوند,2021-10-31,12232.0,-0.24957055214723922
ثالوند,2021-11-30,8140.0,-0.33453237410071945
ثالوند,2021-12-31,5990.0,-0.2641277641277642
ثالوند,2022-01-31,5270.0,-0.12020033388981632
ثالوند,2022-02-28,5062.0,-0.03946869070208725
ثالوند,2022-03-31,5800.0,0.14579217700513625
ثالوند,2022-04-30,7070.0,0.21896551724137936
ثالوند,2022-05-31,8920.0,0.2616690240452617
ثالوند,2022-06-30,6350.0,-0.2881165919282511
ثالوند,2022-07-31,5620.0,-0.11496062992125988
ثالوند,2022-08-31,6320.0,0.12455516014234869
ثالوند,2022-09-30,5370.0,-0.15031645569620256
ثالوند,2022-10-31,4807.0,-0.10484171322160152
ثالوند,2022-11-30,7520.0,0.5643852714790929
ثالوند,2022-12-31,6850.0,-0.08909574468085102
ثالوند,2023-01-31,11320.0,0.6525547445255475
ثالوند,2023-02-28,16550.0,0.4620141342756183
ثالوند,2023-03-31,13930.0,-0.15830815709969792
ثالوند,2023-04-30,15950.0,0.14501076812634595
ثالوند,2023-05-31,14160.0,-0.11222570532915366
ثالوند,2023-06-30,13150.0,-0.0713276836158192
ثالوند,2023-07-31,11250.0,-0.14448669201520914
ثالوند,2023-08-31,11090.0,-0.014222222222222247
ثالوند,2023-09-30,11420.0,0.029756537421100182
ثالوند,2023-10-31,13200.0,0.15586690017513138
ثالوند,2023-11-30,15120.0,0.1454545454545455
ثالوند,2023-12-31,15330.0,0.01388888888888884
ثالوند,2024-01-31,15020.0,-0.02022178734507507
ثالوند,2024-02-29,15680.0,0.04394141145139807
ثالوند,2024-03-31,14590.0,-0.06951530612244894
ثالوند,2024-04-30,13470.0,-0.0767649074708705
ثالوند,2024-05-31,13100.0,-0.027468448403860424
ثالوند,2024-06-30,14010.0,0.06946564885496187
ثالوند,2024-07-31,11940.0,-0.14775160599571735
ثالوند,2024-08-31,11350.0,-0.04941373534338356
ثالوند,2024-09-30,12130.0,0.06872246696035234
ثالوند,2024-10-31,12630.0,0.0412201154163232
ثالوند,2024-11-30,19940.0,0.5787806809184481
ثالوند,2024-12-31,9550.0,-0.5210631895687061
ثالوند,2025-01-31,9020.0,-0.05549738219895284
ثالوند,2025-02-28,8180.0,-0.09312638580931265
ثالوند,2025-03-31,6880.0,-0.15892420537897312
ثالوند,2025-04-30,7230.0,0.05087209302325579
ثالوند,2025-05-31,7490.0,0.03596127247579539
ثالوند,2025-06-30,6180.0,-0.17489986648865152
ثالوند,2025-07-31,5020.0,-0.18770226537216828
ثالوند,2025-08-31,4103.0,-0.18266932270916336
ثالوند,2025-09-30,4980.0,0.21374603948330484
ثالوند,2025-10-31,7110.0,0.42771084337349397
ثالوند,2025-11-30,6560.0,-0.07735583684950775
ثالوند,2025-12-31,6490.0,-0.010670731707317027
ثالوند,2026-01-31,5420.0,-0.16486902927580893
ثالوند,2026-02-28,3279.0,-0.3950184501845019
ثالوند,2026-03-31,3279.0,0.0
ثالوند,2026-04-30,3279.0,0.0
ثالوند,2026-05-31,3579.0,0.09149130832570895
ثشاهد,2021-04-30,17110.0,-0.031143827859569595
ثشاهد,2021-05-31,14820.0,-0.13383985973115142
ثشاهد,2021-06-30,15550.0,0.04925775978407554
ثشاهد,2021-07-31,14150.0,-0.090032154340836
ثشاهد,2021-08-31,15710.0,0.11024734982332163
ثشاهد,2021-09-30,15510.0,-0.012730744748567835
ثشاهد,2021-10-31,11660.0,-0.24822695035460995
ثشاهد,2021-11-30,10740.0,-0.07890222984562612
ثشاهد,2021-12-31,10100.0,-0.059590316573556845
ثشاهد,2022-01-31,7450.0,-0.2623762376237624
ثشاهد,2022-02-28,7590.0,0.01879194630872494
ثشاهد,2022-03-31,8040.0,0.059288537549407216
ثشاهد,2022-04-30,9090.0,0.13059701492537323
ثشاهد,2022-05-31,8720.0,-0.040704070407040716
ثشاهد,2022-06-30,8520.0,-0.022935779816513735
ثشاهد,2022-07-31,6590.0,-0.22652582159624413
ثشاهد,2022-08-31,7600.0,0.1532625189681336
ثشاهد,2022-09-30,6840.0,-0.09999999999999998
ثشاهد,2022-10-31,5840.0,-0.14619883040935677
ثشاهد,2022-11-30,6910.0,0.18321917808219168
ثشاهد,2022-12-31,7640.0,0.1056439942112879
ثشاهد,2023-01-31,8620.0,0.12827225130890052
ثشاهد,2023-02-28,9660.0,0.12064965197215782
ثشاهد,2023-03-31,14320.0,0.4824016563146998
ثشاهد,2023-04-30,30750.0,1.147346368715084
ثشاهد,2023-05-31,22290.0,-0.2751219512195122
ثشاهد,2023-06-30,20350.0,-0.08703454463885152
ثشاهد,2023-07-31,17420.0,-0.14398034398034398
ثشاهد,2023-08-31,19480.0,0.11825487944890933
ثشاهد,2023-09-30,16010.0,-0.17813141683778233
ثشاهد,2023-10-31,13170.0,-0.1773891317926296
ثشاهد,2023-11-30,14050.0,0.0668185269552013
ثشاهد,2023-12-31,17260.0,0.2284697508896798
ثشاهد,2024-01-31,16410.0,-0.049246813441483184
ثشاهد,2024-02-29,14540.0,-0.11395490554539911
ثشاهد,2024-03-31,15690.0,0.07909215955983484
ثشاهد,2024-04-30,13530.0,-0.13766730401529637
ثشاهد,2024-05-31,11600.0,-0.14264597191426465
ثشاهد,2024-06-30,9920.0,-0.1448275862068965
ثشاهد,2024-07-31,9310.0,-0.061491935483870996
ثشاهد,2024-08-31,8520.0,-0.08485499462943069
ثشاهد,2024-09-30,10550.0,0.238262910798122
ثشاهد,2024-10-31,9220.0,-0.12606635071090044
ثشاهد,2024-11-30,10630.0,0.15292841648590016
ثشاهد,2024-12-31,12090.0,0.13734713076199445
ثشاهد,2025-01-31,11090.0,-0.0827129859387924
ثشاهد,2025-02-28,10160.0,-0.08385933273219115
ثشاهد,2025-03-31,9360.0,-0.07874015748031493
ثشاهد,2025-04-30,11100.0,0.1858974358974359
ثشاهد,2025-05-31,10280.0,-0.0738738738738739
ثشاهد,2025-06-30,8440.0,-0.17898832684824906
ثشاهد,2025-07-31,6490.0,-0.23104265402843605
ثشاهد,2025-08-31,5340.0,-0.1771956856702619
ثشاهد,2025-09-30,5450.0,0.020599250936329527
ثشاهد,2025-10-31,8180.0,0.5009174311926605
ثشاهد,2025-11-30,7770.0,-0.05012224938875309
ثشاهد,2025-12-31,9100.0,0.1711711711711712
ثشاهد,2026-01-31,6990.0,-0.23186813186813182
ثشاهد,2026-02-28,5960.0,-0.14735336194563664
ثشاهد,2026-03-31,5960.0,0.0
ثشاهد,2026-04-30,5960.0,0.0
ثشاهد,2026-05-31,6470.0,0.08557046979865768
جهرم,2021-04-30,1740.0,-0.018058690744920947
جهرم,2021-05-31,1716.0,-0.01379310344827589
جهرم,2021-06-30,1703.0,-0.007575757575757569
جهرم,2021-07-31,1607.0,-0.056371109806224284
جهرم,2021-08-31,1514.0,-0.057871810827629155
جهرم,2021-09-30,1219.0,-0.19484808454425362
جهرم,2021-10-31,1471.0,0.2067268252666119
جهرم,2021-11-30,1312.0,-0.10808973487423523
جهرم,2021-12-31,1299.0,-0.009908536585365835
جهرم,2022-01-31,823.0,-0.36643571978444955
جهرم,2022-02-28,724.0,-0.12029161603888217
جهرم,2022-03-31,773.0,0.06767955801104963
جهرم,2022-04-30,877.0,0.13454075032341528
جهرم,2022-05-31,801.0,-0.08665906499429876
جهرم,2022-06-30,796.0,-0.006242197253433224
جهرم,2022-07-31,744.0,-0.0653266331658291
جهرم,2022-08-31,800.0,0.07526881720430101
جهرم,2022-09-30,775.0,-0.03125
جهرم,2022-10-31,710.0,-0.08387096774193548
جهرم,2022-11-30,719.0,0.012676056338028152
جهرم,2022-12-31,792.0,0.10152990264255912
جهرم,2023-01-31,837.0,0.05681818181818188
جهرم,2023-02-28,928.0,0.10872162485065706
جهرم,2023-03-31,948.0,0.02155172413793105
جهرم,2023-04-30,1083.0,0.14240506329113933
جهرم,2023-05-31,1363.0,0.2585410895660203
جهرم,2023-06-30,1323.0,-0.02934702861335292
جهرم,2023-07-31,1032.0,-0.21995464852607705
جهرم,2023-08-31,961.0,-0.06879844961240311
جهرم,2023-09-30,995.0,0.03537981269510926
جهرم,2023-10-31,926.0,-0.06934673366834165
جهرم,2023-11-30,870.0,-0.06047516198704106
جهرم,2023-12-31,879.0,0.010344827586206806
جهرم,2024-01-31,831.0,-0.05460750853242324
جهرم,2024-02-29,833.0,0.002406738868832692
جهرم,2024-03-31,824.0,-0.010804321728691502
جهرم,2024-04-30,797.0,-0.03276699029126218
جهرم,2024-05-31,771.0,-0.03262233375156842
جهرم,2024-06-30,753.0,-0.023346303501945553
جهرم,2024-07-31,743.0,-0.013280212483399723
جهرم,2024-08-31,736.0,-0.009421265141319024
جهرم,2024-09-30,709.0,-0.036684782608695676
جهرم,2024-10-31,685.0,-0.03385049365303239
جهرم,2024-11-30,720.0,0.051094890510948954
جهرم,2024-12-31,730.0,0.01388888888888884
جهرم,2025-01-31,728.0,-0.002739726027397249
جهرم,2025-02-28,699.0,-0.039835164835164805
جهرم,2025-03-31,680.0,-0.027181688125894166
جهرم,2025-04-30,693.0,0.01911764705882346
جهرم,2025-05-31,705.0,0.017316017316017396
جهرم,2025-06-30,692.0,-0.018439716312056764
جهرم,2025-07-31,689.0,-0.00433526011560692
جهرم,2025-08-31,588.0,-0.14658925979680693
جهرم,2025-09-30,555.0,-0.056122448979591844
جهرم,2025-10-31,630.0,0.1351351351351351
جهرم,2025-11-30,635.0,0.007936507936507908
جهرم,2025-12-31,702.0,0.10551181102362195
جهرم,2026-01-31,677.0,-0.035612535612535634
جهرم,2026-02-28,645.0,-0.04726735598227472
جهرم,2026-03-31,635.0,-0.015503875968992276
جهرم,2026-04-30,635.0,0.0
جهرم,2026-05-31,645.0,0.015748031496062964
خساپا,2021-04-30,2030.0,-0.15767634854771784
خساپا,2021-05-31,1560.0,-0.23152709359605916
خساپا,2021-06-30,1971.0,0.2634615384615384
خساپا,2021-07-31,1704.0,-0.13546423135464236
خساپا,2021-08-31,2025.0,0.18838028169014076
خساپا,2021-09-30,1712.0,-0.15456790123456787
خساپا,2021-10-31,1427.0,-0.1664719626168224
خساپا,2021-11-30,1730.0,0.21233356692361594
خساپا,2021-12-31,1681.0,-0.02832369942196533
خساپا,2022-01-31,1648.0,-0.019631171921475343
خساپا,2022-02-28,1650.0,0.0012135922330096527
خساپا,2022-03-31,2153.0,0.3048484848484849
خساپا,2022-04-30,2098.0,-0.02554575011611704
خساپا,2022-05-31,1876.0,-0.10581506196377499
خساپا,2022-06-30,1981.0,0.05597014925373145
خساپا,2022-07-31,1549.0,-0.21807168096920748
خساپا,2022-08-31,2069.0,0.3357004519044544
خساپا,2022-09-30,1849.0,-0.10633156114064768
خساپا,2022-10-31,1715.0,-0.07247160627366145
خساپا,2022-11-30,2032.0,0.18483965014577253
خساپا,2022-12-31,2342.0,0.1525590551181102
خساپا,2023-01-31,2270.0,-0.030742954739538808
خساپا,2023-02-28,2285.0,0.0066079295154184425
خساپا,2023-03-31,2782.0,0.2175054704595185
خساپا,2023-04-30,3388.0,0.2178289000718907
خساپا,2023-05-31,3093.0,-0.08707201889020066
خساپا,2023-06-30,2720.0,-0.12059489169091497
خساپا,2023-07-31,2300.0,-0.15441176470588236
خساپا,2023-08-31,2497.0,0.08565217391304358
خساپا,2023-09-30,2409.0,-0.03524229074889873
خساپا,2023-10-31,2129.0,-0.116230801162308
خساپا,2023-11-30,2580.0,0.21183654297792387
خساپا,2023-12-31,2495.0,-0.032945736434108475
خساپا,2024-01-31,2391.0,-0.04168336673346695
خساپا,2024-02-29,2254.0,-0.05729820158929322
خساپا,2024-03-31,2896.0,0.2848269742679681
خساپا,2024-04-30,2785.0,-0.038328729281768004
خساپا,2024-05-31,2359.0,-0.1529622980251346
خساپا,2024-06-30,2451.0,0.038999576091564236
خساپا,2024-07-31,2308.0,-0.058343533251734025
خساپا,2024-08-31,2333.0,0.010831889081455826
خساپا,2024-09-30,2411.0,0.03343334762108863
خساپا,2024-10-31,2155.0,-0.10618000829531316
خساپا,2024-11-30,2642.0,0.22598607888631084
خساپا,2024-12-31,2893.0,0.09500378501135498
خساپا,2025-01-31,2845.0,-0.016591773245765662
خساپا,2025-02-28,3011.0,0.058347978910369136
خساپا,2025-03-31,2940.0,-0.023580205911657215
خساپا,2025-04-30,2940.0,0.0
خساپا,2025-05-31,520.0,-0.8231292517006803
خساپا,2025-06-30,396.0,-0.2384615384615385
خساپا,2025-07-31,368.0,-0.07070707070707072
خساپا,2025-08-31,389.0,0.057065217391304435
خساپا,2025-09-30,408.0,0.04884318766066831
خساپا,2025-10-31,510.0,0.25
خساپا,2025-11-30,495.0,-0.02941176470588236
خساپا,2025-12-31,562.0,0.13535353535353534
خساپا,2026-01-31,518.0,-0.07829181494661919
خساپا,2026-02-28,504.0,-0.027027027027026973
خساپا,2026-03-31,504.0,0.0
خساپا,2026-04-30,504.0,0.0
خساپا,2026-05-31,494.0,-0.019841269841269882
خودكفا,2021-04-30,17927.0,-0.22272806104751997
خودكفا,2021-05-31,16631.0,-0.07229318904445803
خودكفا,2021-06-30,16970.0,0.020383620948830394
خودكفا,2021-07-31,15163.0,-0.10648202710665877
خودكفا,2021-08-31,14475.0,-0.04537360680604097
خودكفا,2021-09-30,14497.0,0.001519861830742597
خودكفا,2021-10-31,13508.0,-0.06822101124370561
خودكفا,2021-11-30,8687.0,-0.35689961504293755
خودكفا,2021-12-31,7050.0,-0.1884425002877863
خودكفا,2022-01-31,6630.0,-0.05957446808510636
خودكفا,2022-02-28,7080.0,0.0678733031674208
خودكفا,2022-03-31,6550.0,-0.07485875706214684
خودكفا,2022-04-30,7630.0,0.16488549618320603
خودكفا,2022-05-31,7090.0,-0.07077326343381385
خودكفا,2022-06-30,6250.0,-0.11847672778561358
خودكفا,2022-07-31,5470.0,-0.12480000000000002
خودكفا,2022-08-31,6580.0,0.20292504570383918
خودكفا,2022-09-30,6550.0,-0.00455927051671734
خودكفا,2022-10-31,7050.0,0.07633587786259532
خودكفا,2022-11-30,6650.0,-0.05673758865248224
خودكفا,2022-12-31,6890.0,0.03609022556390973
خودكفا,2023-01-31,7820.0,0.13497822931785186
خودكفا,2023-02-28,7400.0,-0.053708439897698246
خودكفا,2023-03-31,8340.0,0.12702702702702706
خودكفا,2023-04-30,11710.0,0.40407673860911264
خودكفا,2023-05-31,11120.0,-0.05038428693424424
خودكفا,2023-06-30,11320.0,0.017985611510791477
خودكفا,2023-07-31,9100.0,-0.19611307420494695
خودكفا,2023-08-31,9460.0,0.03956043956043964
خودكفا,2023-09-30,9120.0,-0.03594080338266381
خودكفا,2023-10-31,8000.0,-0.1228070175438597
خودكفا,2023-11-30,8570.0,0.07125000000000004
خودكفا,2023-12-31,9350.0,0.09101516919486574
خودكفا,2024-01-31,6500.0,-0.3048128342245989
خودكفا,2024-02-29,6040.0,-0.0707692307692308
خودكفا,2024-03-31,6540.0,0.08278145695364247
خودكفا,2024-04-30,5800.0,-0.11314984709480125
خودكفا,2024-05-31,5370.0,-0.07413793103448274
خودكفا,2024-06-30,5300.0,-0.013035381750465591
خودكفا,2024-07-31,4590.0,-0.13396226415094337
خودكفا,2024-08-31,4441.0,-0.032461873638344185
خودكفا,2024-09-30,5070.0,0.14163476694438182
خودكفا,2024-10-31,4559.0,-0.10078895463510851
خودكفا,2024-11-30,5850.0,0.2831761351173503
خودكفا,2024-12-31,5940.0,0.01538461538461533
خودكفا,2025-01-31,6130.0,0.03198653198653201
خودكفا,2025-02-28,5520.0,-0.09951060358890707
خودكفا,2025-03-31,5340.0,-0.03260869565217395
خودكفا,2025-04-30,7170.0,0.3426966292134832
خودكفا,2025-05-31,7760.0,0.08228730822873076
خودكفا,2025-06-30,6850.0,-0.11726804123711343
خودكفا,2025-07-31,5970.0,-0.1284671532846715
خودكفا,2025-08-31,4713.0,-0.2105527638190955
خودكفا,2025-09-30,5200.0,0.10333121154254199
خودكفا,2025-10-31,6780.0,0.3038461538461539
خودكفا,2025-11-30,6980.0,0.029498525073746285
خودكفا,2025-12-31,8730.0,0.25071633237822355
خودكفا,2026-01-31,7620.0,-0.12714776632302405
خودكفا,2026-02-28,6580.0,-0.13648293963254599
خودكفا,2026-03-31,6580.0,0.0
خودكفا,2026-04-30,6580.0,0.0
خودكفا,2026-05-31,6580.0,0.0
رتاپ,2021-04-30,6720.0,-0.07818930041152261
رتاپ,2021-05-31,5500.0,-0.18154761904761907
رتاپ,2021-06-30,5320.0,-0.032727272727272716
رتاپ,2021-07-31,6020.0,0.13157894736842102
رتاپ,2021-08-31,6490.0,0.07807308970099669
رتاپ,2021-09-30,6240.0,-0.03852080123266566
رتاپ,2021-10-31,5220.0,-0.16346153846153844
رتاپ,2021-11-30,6690.0,0.2816091954022988
رتاپ,2021-12-31,5420.0,-0.18983557548579966
رتاپ,2022-01-31,4679.0,-0.13671586715867157
رتاپ,2022-02-28,4570.0,-0.023295575977772986
رتاپ,2022-03-31,4901.0,0.07242888402625813
رتاپ,2022-04-30,5130.0,0.04672515813099376
رتاپ,2022-05-31,4750.0,-0.07407407407407407
رتاپ,2022-06-30,4447.0,-0.06378947368421051
رتاپ,2022-07-31,4010.0,-0.09826849561502138
رتاپ,2022-08-31,4329.0,0.07955112219451377
رتاپ,2022-09-30,4133.0,-0.04527604527604523
رتاپ,2022-10-31,3490.0,-0.15557706266634408
رتاپ,2022-11-30,4022.0,0.1524355300859599
رتاپ,2022-12-31,3037.0,-0.24490303331675778
رتاپ,2023-01-31,2789.0,-0.08165953243332236
رتاپ,2023-02-28,2982.0,0.06920043026174261
رتاپ,2023-03-31,3578.0,0.19986586183769273
رتاپ,2023-04-30,5930.0,0.6573504751257686
رتاپ,2023-05-31,5000.0,-0.15682967959527827
رتاپ,2023-06-30,4550.0,-0.08999999999999997
رتاپ,2023-07-31,3838.0,-0.15648351648351644
رتاپ,2023-08-31,3881.0,0.011203751954142804
رتاپ,2023-09-30,4188.0,0.07910332388559649
رتاپ,2023-10-31,3163.0,-0.24474689589302767
رتاپ,2023-11-30,3441.0,0.08789124249130564
رتاپ,2023-12-31,3553.0,0.032548677709967944
رتاپ,2024-01-31,3199.0,-0.09963411201801298
رتاپ,2024-02-29,2979.0,-0.06877149109096592
رتاپ,2024-03-31,2899.0,-0.026854649211144666
رتاپ,2024-04-30,2819.0,-0.027595722662987265
رتاپ,2024-05-31,2182.0,-0.22596665484214262
رتاپ,2024-06-30,1932.0,-0.11457378551787356
رتاپ,2024-07-31,1863.0,-0.0357142857142857
رتاپ,2024-08-31,1887.0,0.012882447665056418
رتاپ,2024-09-30,2088.0,0.10651828298887112
رتاپ,2024-10-31,2013.0,-0.03591954022988508
رتاپ,2024-11-30,2327.0,0.1559860904123198
رتاپ,2024-12-31,2296.0,-0.013321873657069161
رتاپ,2025-01-31,2119.0,-0.07709059233449478
رتاپ,2025-02-28,2371.0,0.11892402076451147
رتاپ,2025-03-31,2170.0,-0.08477435681147194
رتاپ,2025-04-30,2090.0,-0.03686635944700456
رتاپ,2025-05-31,2202.0,0.05358851674641141
رتاپ,2025-06-30,1892.0,-0.14078110808356037
رتاپ,2025-07-31,1817.0,-0.03964059196617331
رتاپ,2025-08-31,1890.0,0.040176114474408386
رتاپ,2025-09-30,1823.0,-0.0354497354497354
رتاپ,2025-10-31,2329.0,0.27756445419637954
رتاپ,2025-11-30,2881.0,0.23701159295835117
رتاپ,2025-12-31,3819.0,0.3255813953488371
رتاپ,2026-01-31,3786.0,-0.00864100549882163
رتاپ,2026-02-28,4530.0,0.19651347068145797
رتاپ,2026-03-31,4530.0,0.0
رتاپ,2026-04-30,4285.0,-0.05408388520971308
رتاپ,2026-05-31,4773.0,0.11388564760793463
سدور,2021-04-30,18790.0,-0.012092534174553138
سدور,2021-05-31,8280.0,-0.5593400745077168
سدور,2021-06-30,7980.0,-0.036231884057971064
سدور,2021-07-31,10230.0,0.28195488721804507
سدور,2021-08-31,9730.0,-0.04887585532746819
سدور,2021-09-30,8020.0,-0.17574511819116134
سدور,2021-10-31,6190.0,-0.22817955112219457
سدور,2021-11-30,6070.0,-0.01938610662358642
سدور,2021-12-31,5570.0,-0.0823723228995058
سدور,2022-01-31,4791.0,-0.1398563734290844
سدور,2022-02-28,5248.0,0.09538718430390314
سدور,2022-03-31,6590.0,0.25571646341463405
سدور,2022-04-30,7020.0,0.06525037936267064
سدور,2022-05-31,7050.0,0.004273504273504258
سدور,2022-06-30,7050.0,0.0
سدور,2022-07-31,5970.0,-0.15319148936170213
سدور,2022-08-31,6580.0,0.102177554438861
سدور,2022-09-30,6490.0,-0.01367781155015202
سدور,2022-10-31,5690.0,-0.12326656394453006
سدور,2022-11-30,7090.0,0.2460456942003515
سدور,2022-12-31,8250.0,0.1636107193229901
سدور,2023-01-31,7470.0,-0.0945454545454546
سدور,2023-02-28,8610.0,0.15261044176706817
سدور,2023-03-31,10250.0,0.19047619047619047
سدور,2023-04-30,13700.0,0.3365853658536586
سدور,2023-05-31,14670.0,0.0708029197080291
سدور,2023-06-30,13960.0,-0.04839809134287665
سدور,2023-07-31,14540.0,0.04154727793696278
سدور,2023-08-31,13460.0,-0.07427785419532329
سدور,2023-09-30,12760.0,-0.0520059435364042
سدور,2023-10-31,13080.0,0.02507836990595602
سدور,2023-11-30,13180.0,0.007645259938837912
سدور,2023-12-31,15140.0,0.14871016691957517
سدور,2024-01-31,15870.0,0.048216644649933915
سدور,2024-02-29,14280.0,-0.10018903591682415
سدور,2024-03-31,15150.0,0.060924369747899165
سدور,2024-04-30,14100.0,-0.06930693069306926
سدور,2024-05-31,12490.0,-0.11418439716312057
سدور,2024-06-30,10660.0,-0.14651721377101679
سدور,2024-07-31,10470.0,-0.017823639774859235
سدور,2024-08-31,9990.0,-0.045845272206303744
سدور,2024-09-30,10210.0,0.02202202202202197
سدور,2024-10-31,8970.0,-0.12144955925563172
سدور,2024-11-30,10120.0,0.1282051282051282
سدور,2024-12-31,11570.0,0.14328063241106714
سدور,2025-01-31,12920.0,0.11668107173725151
سدور,2025-02-28,13240.0,0.024767801857585203
سدور,2025-03-31,12860.0,-0.028700906344410915
سدور,2025-04-30,13810.0,0.0738724727838258
سدور,2025-05-31,16200.0,0.1730629978276612
سدور,2025-06-30,14860.0,-0.08271604938271604
سدور,2025-07-31,14440.0,-0.02826379542395696
سدور,2025-08-31,12720.0,-0.11911357340720219
سدور,2025-09-30,14180.0,0.1147798742138364
سدور,2025-10-31,15610.0,0.10084626234132577
سدور,2025-11-30,17370.0,0.11274823830877634
سدور,2025-12-31,17150.0,-0.012665515256188864
سدور,2026-01-31,13330.0,-0.2227405247813411
سدور,2026-02-28,12050.0,-0.0960240060015004
سدور,2026-03-31,12050.0,0.0
سدور,2026-04-30,12050.0,0.0
سدور,2026-05-31,12800.0,0.06224066390041494
سشرق,2021-04-30,6350.0,-0.11312849162011174
سشرق,2021-05-31,5440.0,-0.14330708661417324
سشرق,2021-06-30,6510.0,0.1966911764705883
سشرق,2021-07-31,8020.0,0.23195084485407058
سشرق,2021-08-31,8740.0,0.08977556109725682
سشرق,2021-09-30,8930.0,0.021739130434782705
سشرق,2021-10-31,6920.0,-0.22508398656215
سشرق,2021-11-30,6090.0,-0.11994219653179194
سشرق,2021-12-31,7180.0,0.17898193760262715
سشرق,2022-01-31,7040.0,-0.01949860724233987
سشرق,2022-02-28,7700.0,0.09375
سشرق,2022-03-31,8020.0,0.04155844155844157
سشرق,2022-04-30,8160.0,0.0174563591022443
سشرق,2022-05-31,8060.0,-0.01225490196078427
سشرق,2022-06-30,8060.0,0.0
سشرق,2022-07-31,7000.0,-0.13151364764267992
سشرق,2022-08-31,7450.0,0.06428571428571428
سشرق,2022-09-30,7460.0,0.0013422818791946067
سشرق,2022-10-31,6990.0,-0.0630026809651475
سشرق,2022-11-30,7290.0,0.0429184549356223
سشرق,2022-12-31,8550.0,0.1728395061728396
سشرق,2023-01-31,9500.0,0.11111111111111116
سشرق,2023-02-28,9900.0,0.042105263157894646
سشرق,2023-03-31,11340.0,0.1454545454545455
سشرق,2023-04-30,14430.0,0.27248677248677255
سشرق,2023-05-31,14640.0,0.01455301455301461
سشرق,2023-06-30,16320.0,0.11475409836065564
سشرق,2023-07-31,14780.0,-0.09436274509803921
سشرق,2023-08-31,14890.0,0.007442489851150258
سشرق,2023-09-30,14070.0,-0.05507051712558764
سشرق,2023-10-31,14150.0,0.005685856432125158
سشرق,2023-11-30,15900.0,0.12367491166077738
سشرق,2023-12-31,15190.0,-0.044654088050314455
سشرق,2024-01-31,13980.0,-0.07965766951942066
سشرق,2024-02-29,13130.0,-0.06080114449213159
سشرق,2024-03-31,15070.0,0.1477532368621477
سشرق,2024-04-30,14560.0,-0.03384207033842068
سشرق,2024-05-31,12670.0,-0.1298076923076923
سشرق,2024-06-30,13080.0,0.03235990528808208
سشرق,2024-07-31,13330.0,0.01911314984709489
سشرق,2024-08-31,13630.0,0.022505626406601698
سشرق,2024-09-30,7040.0,-0.48349229640498903
سشرق,2024-10-31,7380.0,0.048295454545454586
سشرق,2024-11-30,9150.0,0.23983739837398366
سشرق,2024-12-31,9280.0,0.014207650273224015
سشرق,2025-01-31,11740.0,0.2650862068965518
سشرق,2025-02-28,11520.0,-0.01873935264054516
سشرق,2025-03-31,11930.0,0.03559027777777768
سشرق,2025-04-30,14780.0,0.2388935456831518
سشرق,2025-05-31,16720.0,0.13125845737483077
سشرق,2025-06-30,13550.0,-0.18959330143540665
سشرق,2025-07-31,13850.0,0.022140221402213944
سشرق,2025-08-31,15160.0,0.09458483754512637
سشرق,2025-09-30,16230.0,0.07058047493403685
سشرق,2025-10-31,16600.0,0.022797288971041274
سشرق,2025-11-30,17050.0,0.027108433734939652
سشرق,2025-12-31,13170.0,-0.22756598240469206
سشرق,2026-01-31,11680.0,-0.11313591495823838
سشرق,2026-02-28,11110.0,-0.048801369863013644
سشرق,2026-03-31,11110.0,0.0
سشرق,2026-04-30,11110.0,0.0
سشرق,2026-05-31,11940.0,0.07470747074707473
شفا,2021-04-30,45160.0,-0.005067195417492787
شفا,2021-05-31,40330.0,-0.10695305580159431
شفا,2021-06-30,36000.0,-0.10736424497892383
شفا,2021-07-31,38490.0,0.0691666666666666
شفا,2021-08-31,44850.0,0.1652377240841778
شفا,2021-09-30,41540.0,-0.07380156075808253
شفا,2021-10-31,37310.0,-0.10182956186807901
شفا,2021-11-30,17640.0,-0.5272045028142589
شفا,2021-12-31,13980.0,-0.20748299319727892
شفا,2022-01-31,9800.0,-0.2989985693848355
شفا,2022-02-28,10140.0,0.03469387755102038
شفا,2022-03-31,11340.0,0.11834319526627213
شفا,2022-04-30,16380.0,0.4444444444444444
شفا,2022-05-31,15710.0,-0.04090354090354087
شفا,2022-06-30,17500.0,0.11394016549968167
شفا,2022-07-31,18480.0,0.05600000000000005
شفا,2022-08-31,18320.0,-0.008658008658008698
شفا,2022-09-30,14640.0,-0.20087336244541487
شفا,2022-10-31,12150.0,-0.17008196721311475
شفا,2022-11-30,12990.0,0.06913580246913575
شفا,2022-12-31,17970.0,0.38337182448036944
شفا,2023-01-31,17170.0,-0.04451864218141344
شفا,2023-02-28,16980.0,-0.011065812463599278
شفا,2023-03-31,20480.0,0.20612485276796222
شفا,2023-04-30,26140.0,0.2763671875
شفا,2023-05-31,23280.0,-0.10941086457536342
شفا,2023-06-30,21530.0,-0.07517182130584188
شفا,2023-07-31,24230.0,0.1254064096609382
شفا,2023-08-31,21670.0,-0.10565414775072224
شفا,2023-09-30,22950.0,0.05906783571758201
شفا,2023-10-31,19900.0,-0.1328976034858388
شفا,2023-11-30,20050.0,0.007537688442211143
شفا,2023-12-31,21000.0,0.04738154613466339
شفا,2024-01-31,18100.0,-0.13809523809523805
شفا,2024-02-29,17920.0,-0.009944751381215422
شفا,2024-03-31,16980.0,-0.052455357142857095
شفا,2024-04-30,15400.0,-0.09305064782096584
شفا,2024-05-31,12390.0,-0.19545454545454544
شفا,2024-06-30,11320.0,-0.08635996771589993
شفا,2024-07-31,10260.0,-0.09363957597173145
شفا,2024-08-31,10320.0,0.005847953216374213
شفا,2024-09-30,11420.0,0.10658914728682167
شفا,2024-10-31,10480.0,-0.08231173380035028
شفا,2024-11-30,11810.0,0.12690839694656497
شفا,2024-12-31,13370.0,0.13209144792548688
شفا,2025-01-31,15330.0,0.1465968586387434
شفا,2025-02-28,13710.0,-0.10567514677103718
شفا,2025-03-31,12660.0,-0.07658643326039383
شفا,2025-04-30,12490.0,-0.013428120063191162
شفا,2025-05-31,13650.0,0.09287429943955172
شفا,2025-06-30,12410.0,-0.09084249084249085
شفا,2025-07-31,10670.0,-0.14020950846091862
شفا,2025-08-31,9700.0,-0.09090909090909094
شفا,2025-09-30,10030.0,0.03402061855670113
شفا,2025-10-31,10750.0,0.07178464606181456
شفا,2025-11-30,11000.0,0.023255813953488413
شفا,2025-12-31,16300.0,0.4818181818181819
شفا,2026-01-31,15050.0,-0.07668711656441718
شفا,2026-02-28,16210.0,0.07707641196013282
شفا,2026-03-31,16210.0,0.0
شفا,2026-04-30,16210.0,0.0
شفا,2026-05-31,15010.0,-0.07402837754472547
شكلر,2021-04-30,46690.0,-0.05255681818181823
شكلر,2021-05-31,37540.0,-0.19597344185050336
شكلر,2021-06-30,32000.0,-0.14757591901971234
شكلر,2021-07-31,34030.0,0.06343750000000004
شكلر,2021-08-31,39710.0,0.16691154863355862
شكلر,2021-09-30,33960.0,-0.14479979853941072
شكلر,2021-10-31,24600.0,-0.27561837455830385
شكلر,2021-11-30,40250.0,0.6361788617886179
شكلر,2021-12-31,41170.0,0.02285714285714291
شكلر,2022-01-31,30130.0,-0.26815642458100564
شكلر,2022-02-28,32710.0,0.08562894125456366
شكلر,2022-03-31,35430.0,0.0831549984714155
شكلر,2022-04-30,44760.0,0.26333615580016945
شكلر,2022-05-31,46000.0,0.027703306523681803
شكلر,2022-06-30,22270.0,-0.5158695652173912
شكلر,2022-07-31,17800.0,-0.2007184553210597
شكلر,2022-08-31,18450.0,0.03651685393258419
شكلر,2022-09-30,19310.0,0.04661246612466119
شكلر,2022-10-31,17380.0,-0.09994821336095283
شكلر,2022-11-30,21790.0,0.25373993095512093
شكلر,2022-12-31,24840.0,0.1399724644332263
شكلر,2023-01-31,28620.0,0.15217391304347827
شكلر,2023-02-28,31830.0,0.11215932914046123
شكلر,2023-03-31,39800.0,0.2503927112786679
شكلر,2023-04-30,47450.0,0.19221105527638183
شكلر,2023-05-31,43500.0,-0.08324552160168597
شكلر,2023-06-30,44500.0,0.02298850574712641
شكلر,2023-07-31,37450.0,-0.15842696629213482
شكلر,2023-08-31,39200.0,0.04672897196261672
شكلر,2023-09-30,39000.0,-0.005102040816326481
شكلر,2023-10-31,34490.0,-0.11564102564102563
شكلر,2023-11-30,42490.0,0.23195129022905192
شكلر,2023-12-31,42860.0,0.008707931277947667
شكلر,2024-01-31,40000.0,-0.06672888474101724
شكلر,2024-02-29,33990.0,-0.15025
شكلر,2024-03-31,9370.0,-0.7243306854957341
شكلر,2024-04-30,8460.0,-0.09711846318036288
شكلر,2024-05-31,8760.0,0.03546099290780136
شكلر,2024-06-30,7980.0,-0.08904109589041098
شكلر,2024-07-31,6460.0,-0.19047619047619047
شكلر,2024-08-31,6390.0,-0.010835913312693513
شكلر,2024-09-30,7260.0,0.136150234741784
شكلر,2024-10-31,7280.0,0.0027548209366390353
شكلر,2024-11-30,8550.0,0.1744505494505495
شكلر,2024-12-31,10880.0,0.27251461988304104
شكلر,2025-01-31,12630.0,0.16084558823529416
شكلر,2025-02-28,10560.0,-0.16389548693586697
شكلر,2025-03-31,9820.0,-0.07007575757575757
شكلر,2025-04-30,11030.0,0.12321792260692455
شكلر,2025-05-31,11840.0,0.07343608340888497
شكلر,2025-06-30,10680.0,-0.09797297297297303
شكلر,2025-07-31,9630.0,-0.098314606741573
شكلر,2025-08-31,9160.0,-0.04880581516095539
شكلر,2025-09-30,11680.0,0.27510917030567694
شكلر,2025-10-31,14260.0,0.22089041095890405
شكلر,2025-11-30,13130.0,-0.07924263674614307
شكلر,2025-12-31,15310.0,0.16603198781416606
شكلر,2026-01-31,14940.0,-0.024167210973220166
شكلر,2026-02-28,12290.0,-0.17737617135207495
شكلر,2026-03-31,12290.0,0.0
شكلر,2026-04-30,12290.0,0.0
شكلر,2026-05-31,13140.0,0.06916192026037438
شپنا,2021-04-30,10850.0,-0.21205519244734927
شپنا,2021-05-31,10580.0,-0.02488479262672816
شپنا,2021-06-30,12830.0,0.2126654064272211
شپنا,2021-07-31,12220.0,-0.04754481683554168
شپنا,2021-08-31,13920.0,0.13911620294599025
شپنا,2021-09-30,13200.0,-0.051724137931034475
شپنا,2021-10-31,10100.0,-0.23484848484848486
شپنا,2021-11-30,5720.0,-0.4336633663366337
شپنا,2021-12-31,6270.0,0.09615384615384626
شپنا,2022-01-31,5940.0,-0.052631578947368474
شپنا,2022-02-28,5710.0,-0.03872053872053871
شپنا,2022-03-31,6970.0,0.2206654991243433
شپنا,2022-04-30,6510.0,-0.06599713055954093
شپنا,2022-05-31,7020.0,0.07834101382488479
شپنا,2022-06-30,6940.0,-0.01139601139601143
شپنا,2022-07-31,6430.0,-0.07348703170028814
شپنا,2022-08-31,6070.0,-0.055987558320373276
شپنا,2022-09-30,5590.0,-0.07907742998352552
شپنا,2022-10-31,6240.0,0.11627906976744184
شپنا,2022-11-30,7120.0,0.14102564102564097
شپنا,2022-12-31,7630.0,0.07162921348314599
شپنا,2023-01-31,7180.0,-0.05897771952817821
شپنا,2023-02-28,9060.0,0.26183844011142066
شپنا,2023-03-31,9010.0,-0.0055187637969095205
شپنا,2023-04-30,9450.0,0.0488346281908989
شپنا,2023-05-31,9410.0,-0.004232804232804255
شپنا,2023-06-30,8750.0,-0.07013815090329434
شپنا,2023-07-31,5990.0,-0.3154285714285714
شپنا,2023-08-31,8110.0,0.353923205342237
شپنا,2023-09-30,8230.0,0.01479654747225645
شپنا,2023-10-31,8160.0,-0.008505467800729027
شپنا,2023-11-30,8330.0,0.02083333333333326
شپنا,2023-12-31,8480.0,0.01800720288115243
شپنا,2024-01-31,7870.0,-0.07193396226415094
شپنا,2024-02-29,4719.0,-0.40038119440914866
شپنا,2024-03-31,5940.0,0.25874125874125875
شپنا,2024-04-30,5930.0,-0.0016835016835017313
شپنا,2024-05-31,5350.0,-0.09780775716694767
شپنا,2024-06-30,5300.0,-0.009345794392523366
شپنا,2024-07-31,4268.0,-0.19471698113207547
شپنا,2024-08-31,4294.0,0.006091846298031944
شپنا,2024-09-30,4025.0,-0.06264555193292964
شپنا,2024-10-31,3221.0,-0.1997515527950311
شپنا,2024-11-30,3898.0,0.2101831729276622
شپنا,2024-12-31,5120.0,0.3134940995382247
شپنا,2025-01-31,4712.0,-0.07968750000000002
شپنا,2025-02-28,5166.0,0.09634974533106955
شپنا,2025-03-31,3761.0,-0.2719705768486256
شپنا,2025-04-30,4181.0,0.11167242754586537
شپنا,2025-05-31,4002.0,-0.042812724228653454
شپنا,2025-06-30,3685.0,-0.07921039480259873
شپنا,2025-07-31,3258.0,-0.1158751696065129
شپنا,2025-08-31,3037.0,-0.0678330263965623
شپنا,2025-09-30,4069.0,0.33980902206124464
شپنا,2025-10-31,5042.0,0.23912509216023592
شپنا,2025-11-30,5280.0,0.04720349067830232
شپنا,2025-12-31,6790.0,0.2859848484848484
شپنا,2026-01-31,6620.0,-0.025036818851251863
شپنا,2026-02-28,6150.0,-0.07099697885196377
شپنا,2026-03-31,6150.0,0.0
شپنا,2026-04-30,6150.0,0.0
شپنا,2026-05-31,5320.0,-0.13495934959349598
غشاذر,2021-04-30,9700.0,-0.010204081632653073
غشاذر,2021-05-31,9370.0,-0.03402061855670102
غشاذر,2021-06-30,7280.0,-0.22305229455709707
غشاذر,2021-07-31,7280.0,0.0
غشاذر,2021-08-31,8140.0,0.11813186813186816
غشاذر,2021-09-30,6730.0,-0.17321867321867324
غشاذر,2021-10-31,5470.0,-0.18722139673105498
غشاذر,2021-11-30,5580.0,0.02010968921389389
غشاذر,2021-12-31,5000.0,-0.10394265232974909
غشاذر,2022-01-31,4190.0,-0.16200000000000003
غشاذر,2022-02-28,4400.0,0.05011933174224348
غشاذر,2022-03-31,4510.0,0.02499999999999991
غشاذر,2022-04-30,5410.0,0.19955654101995557
غشاذر,2022-05-31,5550.0,0.025878003696857776
غشاذر,2022-06-30,4980.0,-0.10270270270270265
غشاذر,2022-07-31,3930.0,-0.21084337349397586
غشاذر,2022-08-31,4770.0,0.2137404580152671
غشاذر,2022-09-30,5120.0,0.0733752620545074
غشاذر,2022-10-31,5210.0,0.017578125
غشاذر,2022-11-30,6100.0,0.17082533589251447
غشاذر,2022-12-31,6200.0,0.016393442622950838
غشاذر,2023-01-31,5490.0,-0.11451612903225805
غشاذر,2023-02-28,6100.0,0.11111111111111116
غشاذر,2023-03-31,7390.0,0.2114754098360656
غشاذر,2023-04-30,10080.0,0.36400541271989173
غشاذر,2023-05-31,9470.0,-0.06051587301587302
غشاذر,2023-06-30,8190.0,-0.13516367476240765
غشاذر,2023-07-31,7880.0,-0.03785103785103783
غشاذر,2023-08-31,7290.0,-0.07487309644670048
غشاذر,2023-09-30,7650.0,0.04938271604938271
غشاذر,2023-10-31,6900.0,-0.0980392156862745
غشاذر,2023-11-30,7800.0,0.13043478260869557
غشاذر,2023-12-31,7930.0,0.016666666666666607
غشاذر,2024-01-31,8840.0,0.11475409836065564
غشاذر,2024-02-29,7650.0,-0.13461538461538458
غشاذر,2024-03-31,6030.0,-0.21176470588235297
غشاذر,2024-04-30,5990.0,-0.0066334991708125735
غشاذر,2024-05-31,6120.0,0.02170283806343898
غشاذر,2024-06-30,4870.0,-0.20424836601307195
غشاذر,2024-07-31,4561.0,-0.0634496919917864
غشاذر,2024-08-31,4757.0,0.04297303222977411
غشاذر,2024-09-30,5250.0,0.10363674584822369
غشاذر,2024-10-31,5380.0,0.024761904761904763
غشاذر,2024-11-30,6620.0,0.23048327137546476
غشاذر,2024-12-31,7770.0,0.1737160120845922
غشاذر,2025-01-31,8200.0,0.05534105534105538
غشاذر,2025-02-28,7140.0,-0.12926829268292683
غشاذر,2025-03-31,6460.0,-0.09523809523809523
غشاذر,2025-04-30,8690.0,0.34520123839009287
غشاذر,2025-05-31,8820.0,0.014959723820483273
غشاذر,2025-06-30,7980.0,-0.09523809523809523
غشاذر,2025-07-31,7610.0,-0.04636591478696739
غشاذر,2025-08-31,6780.0,-0.10906701708278577
غشاذر,2025-09-30,7760.0,0.14454277286135686
غشاذر,2025-10-31,9010.0,0.16108247422680422
غشاذر,2025-11-30,10070.0,0.11764705882352944
غشاذر,2025-12-31,10670.0,0.05958291956305861
غشاذر,2026-01-31,9240.0,-0.134020618556701
غشاذر,2026-02-28,7670.0,-0.1699134199134199
غشاذر,2026-03-31,7670.0,0.0
غشاذر,2026-04-30,7670.0,0.0
غشاذر,2026-05-31,8130.0,0.059973924380704036
فولاي,2021-04-30,49308.0,-0.01673081141444155
فولاي,2021-05-31,47938.0,-0.027784538006003112
فولاي,2021-06-30,39915.0,-0.16736200926196332
فولاي,2021-07-31,36690.0,-0.08079669297256675
فولاي,2021-08-31,22360.0,-0.3905696375034069
فولاي,2021-09-30,21300.0,-0.04740608228980325
فولاي,2021-10-31,17092.0,-0.1975586854460094
فولاي,2021-11-30,16662.0,-0.02515796864029951
فولاي,2021-12-31,14892.0,-0.10622974432841192
فولاي,2022-01-31,6940.0,-0.5339779747515445
فولاي,2022-02-28,7900.0,0.13832853025936598
فولاي,2022-03-31,8280.0,0.048101265822784844
فولاي,2022-04-30,8700.0,0.050724637681159424
فولاي,2022-05-31,10370.0,0.19195402298850572
فولاي,2022-06-30,10530.0,0.015429122468659573
فولاي,2022-07-31,8200.0,-0.2212725546058879
فولاي,2022-08-31,8810.0,0.07439024390243909
فولاي,2022-09-30,7720.0,-0.12372304199772988
فولاي,2022-10-31,6620.0,-0.1424870466321243
فولاي,2022-11-30,7280.0,0.09969788519637457
فولاي,2022-12-31,8730.0,0.19917582417582413
فولاي,2023-01-31,5310.0,-0.3917525773195877
فولاي,2023-02-28,5460.0,0.02824858757062154
فولاي,2023-03-31,5810.0,0.0641025641025641
فولاي,2023-04-30,9810.0,0.6884681583476764
فولاي,2023-05-31,8840.0,-0.09887869520897041
فولاي,2023-06-30,8030.0,-0.09162895927601811
فولاي,2023-07-31,8010.0,-0.00249066002490661
فولاي,2023-08-31,7860.0,-0.01872659176029967
فولاي,2023-09-30,7680.0,-0.022900763358778664
فولاي,2023-10-31,6660.0,-0.1328125
فولاي,2023-11-30,7960.0,0.19519519519519513
فولاي,2023-12-31,7870.0,-0.011306532663316604
فولاي,2024-01-31,7590.0,-0.03557814485387545
فولاي,2024-02-29,6650.0,-0.12384716732542822
فولاي,2024-03-31,5540.0,-0.1669172932330827
فولاي,2024-04-30,4710.0,-0.14981949458483756
فولاي,2024-05-31,4408.0,-0.06411889596602971
فولاي,2024-06-30,3962.0,-0.10117967332123412
فولاي,2024-07-31,5370.0,0.3553760726905604
فولاي,2024-08-31,5910.0,0.1005586592178771
فولاي,2024-09-30,7050.0,0.19289340101522834
فولاي,2024-10-31,6100.0,-0.13475177304964536
فولاي,2024-11-30,6030.0,-0.011475409836065542
فولاي,2024-12-31,5940.0,-0.014925373134328401
فولاي,2025-01-31,7060.0,0.18855218855218858
فولاي,2025-02-28,4310.0,-0.38951841359773376
فولاي,2025-03-31,4058.0,-0.058468677494199484
فولاي,2025-04-30,3802.0,-0.06308526367668799
فولاي,2025-05-31,3881.0,0.020778537611783277
فولاي,2025-06-30,3811.0,-0.018036588508116513
فولاي,2025-07-31,3900.0,0.023353450537916487
فولاي,2025-08-31,4642.0,0.19025641025641016
فولاي,2025-09-30,4400.0,-0.05213270142180093
فولاي,2025-10-31,5545.0,0.26022727272727275
فولاي,2025-11-30,6270.0,0.13074842200180337
فولاي,2025-12-31,6250.0,-0.0031897926634768536
فولاي,2026-01-31,5360.0,-0.14239999999999997
فولاي,2026-02-28,3810.0,-0.28917910447761197
فولاي,2026-03-31,3810.0,0.0
فولاي,2026-04-30,2858.0,-0.24986876640419953
فولاي,2026-05-31,2858.0,0.0
قچار,2021-04-30,20023.0,-0.7818370015253868
قچار,2021-05-31,20023.0,0.0
قچار,2021-06-30,20023.0,0.0
قچار,2021-07-31,17375.0,-0.13224791489786747
قچار,2021-08-31,16139.0,-0.07113669064748196
قچار,2021-09-30,14150.0,-0.1232418365450152
قچار,2021-10-31,9730.0,-0.31236749116607776
قچار,2021-11-30,9338.0,-0.0402877697841727
قچار,2021-12-31,8232.0,-0.11844077961019495
قچار,2022-01-31,11300.0,0.37269193391642363
قچار,2022-02-28,13300.0,0.17699115044247793
قچار,2022-03-31,14220.0,0.069172932330827
قچار,2022-04-30,11140.0,-0.21659634317862164
قچار,2022-05-31,12540.0,0.125673249551167
قچار,2022-06-30,14050.0,0.12041467304625209
قچار,2022-07-31,10600.0,-0.24555160142348753
قچار,2022-08-31,11500.0,0.08490566037735858
قچار,2022-09-30,10930.0,-0.04956521739130437
قچار,2022-10-31,8890.0,-0.18664226898444647
قچار,2022-11-30,10320.0,0.16085489313835777
قچار,2022-12-31,10890.0,0.05523255813953498
قچار,2023-01-31,10410.0,-0.0440771349862259
قچار,2023-02-28,7880.0,-0.24303554274735828
قچار,2023-03-31,9070.0,0.15101522842639592
قچار,2023-04-30,12800.0,0.41124586549062836
قچار,2023-05-31,9780.0,-0.23593750000000002
قچار,2023-06-30,9040.0,-0.07566462167689159
قچار,2023-07-31,8040.0,-0.11061946902654862
قچار,2023-08-31,8130.0,0.011194029850746245
قچار,2023-09-30,8450.0,0.03936039360393595
قچار,2023-10-31,7380.0,-0.12662721893491125
قچار,2023-11-30,8400.0,0.1382113821138211
قچار,2023-12-31,8170.0,-0.027380952380952395
قچار,2024-01-31,7690.0,-0.05875152998776012
قچار,2024-02-29,6990.0,-0.09102730819245775
قچار,2024-03-31,5920.0,-0.15307582260371955
قچار,2024-04-30,5440.0,-0.08108108108108103
قچار,2024-05-31,5020.0,-0.07720588235294112
قچار,2024-06-30,4250.0,-0.1533864541832669
قچار,2024-07-31,4438.0,0.04423529411764715
قچار,2024-08-31,4108.0,-0.07435781883731407
قچار,2024-09-30,4578.0,0.1144109055501461
قچار,2024-10-31,4862.0,0.062035823503713505
قچار,2024-11-30,5240.0,0.07774578362813656
قچار,2024-12-31,5830.0,0.11259541984732824
قچار,2025-01-31,5970.0,0.02401372212692965
قچار,2025-02-28,6030.0,0.01005025125628145
قچار,2025-03-31,3394.0,-0.43714759535655057
قچار,2025-04-30,4023.0,0.1853270477312905
قچار,2025-05-31,4088.0,0.016157096694009443
قچار,2025-06-30,3517.0,-0.13967710371819964
قچار,2025-07-31,2975.0,-0.15410861529712827
قچار,2025-08-31,2690.0,-0.09579831932773109
قچار,2025-09-30,2944.0,0.09442379182156135
قچار,2025-10-31,3732.0,0.267663043478261
قچار,2025-11-30,3490.0,-0.06484458735262599
قچار,2025-12-31,3941.0,0.12922636103151852
قچار,2026-01-31,3374.0,-0.1438721136767318
قچار,2026-02-28,3156.0,-0.06461173681090693
قچار,2026-03-31,3156.0,0.0
قچار,2026-04-30,3156.0,0.0
قچار,2026-05-31,3425.0,0.08523447401774398
كحافظ,2021-04-30,11640.0,-0.044334975369458074
كحافظ,2021-05-31,11160.0,-0.04123711340206182
كحافظ,2021-06-30,8480.0,-0.24014336917562729
كحافظ,2021-07-31,9250.0,0.09080188679245293
كحافظ,2021-08-31,3955.0,-0.5724324324324324
كحافظ,2021-09-30,4172.0,0.05486725663716818
كحافظ,2021-10-31,3163.0,-0.24185043144774687
كحافظ,2021-11-30,3682.0,0.16408472968700605
كحافظ,2021-12-31,4025.0,0.09315589353612164
كحافظ,2022-01-31,3677.0,-0.08645962732919255
كحافظ,2022-02-28,3945.0,0.07288550448735376
كحافظ,2022-03-31,3900.0,-0.011406844106463865
كحافظ,2022-04-30,4430.0,0.13589743589743586
كحافظ,2022-05-31,4730.0,0.06772009029345383
كحافظ,2022-06-30,5087.0,0.07547568710359398
كحافظ,2022-07-31,4900.0,-0.036760369569490914
كحافظ,2022-08-31,5120.0,0.044897959183673564
كحافظ,2022-09-30,4990.0,-0.025390625
كحافظ,2022-10-31,4175.0,-0.16332665330661322
كحافظ,2022-11-30,4850.0,0.16167664670658688
كحافظ,2022-12-31,5720.0,0.1793814432989691
كحافظ,2023-01-31,5910.0,0.03321678321678312
كحافظ,2023-02-28,6970.0,0.17935702199661585
كحافظ,2023-03-31,7080.0,0.015781922525107683
كحافظ,2023-04-30,9120.0,0.2881355932203389
كحافظ,2023-05-31,7990.0,-0.1239035087719298
كحافظ,2023-06-30,7720.0,-0.03379224030037542
كحافظ,2023-07-31,7100.0,-0.0803108808290155
كحافظ,2023-08-31,6980.0,-0.016901408450704203
كحافظ,2023-09-30,6880.0,-0.014326647564469885
كحافظ,2023-10-31,6640.0,-0.03488372093023251
كحافظ,2023-11-30,6850.0,0.031626506024096335
كحافظ,2023-12-31,7290.0,0.06423357664233587
كحافظ,2024-01-31,6540.0,-0.10288065843621397
كحافظ,2024-02-29,6340.0,-0.030581039755351647
كحافظ,2024-03-31,3733.0,-0.411198738170347
كحافظ,2024-04-30,3160.0,-0.1534958478435574
كحافظ,2024-05-31,2750.0,-0.129746835443038
كحافظ,2024-06-30,2694.0,-0.02036363636363636
كحافظ,2024-07-31,2502.0,-0.07126948775055675
كحافظ,2024-08-31,2591.0,0.035571542765787445
كحافظ,2024-09-30,2987.0,0.15283674257043622
كحافظ,2024-10-31,2696.0,-0.09742216270505522
كحافظ,2024-11-30,3085.0,0.14428783382789323
كحافظ,2024-12-31,3695.0,0.19773095623987036
كحافظ,2025-01-31,4318.0,0.16860622462787545
كحافظ,2025-02-28,4187.0,-0.03033811949976839
كحافظ,2025-03-31,3500.0,-0.16407929304991642
كحافظ,2025-04-30,4719.0,0.3482857142857143
كحافظ,2025-05-31,4344.0,-0.07946598855689768
كحافظ,2025-06-30,1951.0,-0.5508747697974217
كحافظ,2025-07-31,1564.0,-0.19835981547924142
كحافظ,2025-08-31,1100.0,-0.2966751918158568
كحافظ,2025-09-30,1332.0,0.21090909090909093
كحافظ,2025-10-31,1528.0,0.14714714714714705
كحافظ,2025-11-30,1446.0,-0.053664921465968574
كحافظ,2025-12-31,1594.0,0.10235131396957131
كحافظ,2026-01-31,1331.0,-0.16499372647427857
كحافظ,2026-02-28,1225.0,-0.07963936889556722
كحافظ,2026-03-31,1225.0,0.0
كحافظ,2026-04-30,1225.0,0.0
كحافظ,2026-05-31,1316.0,0.07428571428571429
كرازي,2021-04-30,22430.0,-0.02816291161178508
كرازي,2021-05-31,19760.0,-0.1190370040124833
كرازي,2021-06-30,16780.0,-0.1508097165991903
كرازي,2021-07-31,16780.0,0.0
كرازي,2021-08-31,1606.0,-0.9042908224076281
كرازي,2021-09-30,1525.0,-0.050435865504358635
كرازي,2021-10-31,1264.0,-0.17114754098360652
كرازي,2021-11-30,1199.0,-0.051424050632911444
كرازي,2021-12-31,1286.0,0.07256046705587993
كرازي,2022-01-31,1226.0,-0.046656298600311064
كرازي,2022-02-28,1439.0,0.17373572593800968
كرازي,2022-03-31,1404.0,-0.02432244614315493
كرازي,2022-04-30,1527.0,0.08760683760683752
كرازي,2022-05-31,1597.0,0.045841519318926105
كرازي,2022-06-30,1474.0,-0.07701941139636814
كرازي,2022-07-31,1375.0,-0.06716417910447758
كرازي,2022-08-31,1490.0,0.08363636363636373
كرازي,2022-09-30,1458.0,-0.02147651006711404
كرازي,2022-10-31,1472.0,0.009602194787379892
كرازي,2022-11-30,1282.0,-0.12907608695652173
كرازي,2022-12-31,1323.0,0.03198127925117
كرازي,2023-01-31,1450.0,0.09599395313681036
كرازي,2023-02-28,1436.0,-0.0096551724137931
كرازي,2023-03-31,1765.0,0.22910863509749313
كرازي,2023-04-30,2100.0,0.1898016997167138
كرازي,2023-05-31,1788.0,-0.14857142857142858
كرازي,2023-06-30,1774.0,-0.007829977628635354
كرازي,2023-07-31,1603.0,-0.09639233370913192
كرازي,2023-08-31,1605.0,0.0012476606363069909
كرازي,2023-09-30,1622.0,0.010591900311526459
كرازي,2023-10-31,1562.0,-0.036991368680641235
كرازي,2023-11-30,1619.0,0.03649167733674785
كرازي,2023-12-31,1685.0,0.040765904879555226
كرازي,2024-01-31,1610.0,-0.04451038575667654
كرازي,2024-02-29,1319.0,-0.18074534161490685
كرازي,2024-03-31,1417.0,0.07429871114480657
كرازي,2024-04-30,1305.0,-0.07904022582921666
كرازي,2024-05-31,1105.0,-0.15325670498084287
كرازي,2024-06-30,1072.0,-0.029864253393665163
كرازي,2024-07-31,1015.0,-0.05317164179104472
كرازي,2024-08-31,1089.0,0.07290640394088665
كرازي,2024-09-30,1136.0,0.04315886134067948
كرازي,2024-10-31,1012.0,-0.10915492957746475
كرازي,2024-11-30,1142.0,0.12845849802371534
كرازي,2024-12-31,1164.0,0.019264448336252293
كرازي,2025-01-31,1143.0,-0.01804123711340211
كرازي,2025-02-28,1080.0,-0.055118110236220486
كرازي,2025-03-31,907.0,-0.1601851851851852
كرازي,2025-04-30,1026.0,0.13120176405733197
كرازي,2025-05-31,1026.0,0.0
كرازي,2025-06-30,894.0,-0.1286549707602339
كرازي,2025-07-31,967.0,0.08165548098433995
كرازي,2025-08-31,873.0,-0.0972078593588418
كرازي,2025-09-30,888.0,0.01718213058419238
كرازي,2025-10-31,971.0,0.09346846846846857
كرازي,2025-11-30,918.0,-0.054582904222451045
كرازي,2025-12-31,1033.0,0.12527233115468417
كرازي,2026-01-31,907.0,-0.12197483059051306
كرازي,2026-02-28,918.0,0.012127894156560126
كرازي,2026-03-31,918.0,0.0
كرازي,2026-04-30,918.0,0.0
كرازي,2026-05-31,1089.0,0.18627450980392157
كسرام,2021-04-30,8080.0,-0.013431013431013383
كسرام,2021-05-31,7690.0,-0.04826732673267331
كسرام,2021-06-30,7560.0,-0.016905071521456483
كسرام,2021-07-31,6770.0,-0.10449735449735453
كسرام,2021-08-31,6670.0,-0.01477104874446089
كسرام,2021-09-30,5450.0,-0.18290854572713644
كسرام,2021-10-31,3700.0,-0.3211009174311926
كسرام,2021-11-30,4357.0,0.17756756756756764
كسرام,2021-12-31,4479.0,0.028000918062887292
كسرام,2022-01-31,4340.0,-0.031033712882339803
كسرام,2022-02-28,4062.0,-0.06405529953917055
كسرام,2022-03-31,4555.0,0.12136878385032013
كسرام,2022-04-30,5640.0,0.23819978046103185
كسرام,2022-05-31,5910.0,0.0478723404255319
كسرام,2022-06-30,6490.0,0.0981387478849407
كسرام,2022-07-31,6230.0,-0.04006163328197232
كسرام,2022-08-31,6180.0,-0.008025682182985605
كسرام,2022-09-30,5790.0,-0.06310679611650483
كسرام,2022-10-31,4780.0,-0.17443868739205526
كسرام,2022-11-30,5545.0,0.16004184100418417
كسرام,2022-12-31,5800.0,0.04598737601442737
كسرام,2023-01-31,5190.0,-0.10517241379310349
كسرام,2023-02-28,5990.0,0.1541425818882467
كسرام,2023-03-31,7890.0,0.317195325542571
كسرام,2023-04-30,9640.0,0.22179974651457535
كسرام,2023-05-31,9320.0,-0.03319502074688796
كسرام,2023-06-30,8290.0,-0.11051502145922742
كسرام,2023-07-31,6430.0,-0.22436670687575389
كسرام,2023-08-31,6280.0,-0.023328149300155476
كسرام,2023-09-30,6490.0,0.03343949044585992
كسرام,2023-10-31,5450.0,-0.16024653312788906
كسرام,2023-11-30,9180.0,0.6844036697247706
كسرام,2023-12-31,10640.0,0.159041394335512
كسرام,2024-01-31,17010.0,0.5986842105263157
كسرام,2024-02-29,16000.0,-0.05937683715461495
كسرام,2024-03-31,17830.0,0.1143749999999999
كسرام,2024-04-30,17970.0,0.007851934941110583
كسرام,2024-05-31,12340.0,-0.3132999443516973
كسرام,2024-06-30,10260.0,-0.16855753646677474
كسرام,2024-07-31,8990.0,-0.12378167641325533
كسرام,2024-08-31,8740.0,-0.027808676307007785
كسرام,2024-09-30,8510.0,-0.02631578947368418
كسرام,2024-10-31,7690.0,-0.09635722679200942
كسرام,2024-11-30,7730.0,0.005201560468140354
كسرام,2024-12-31,9220.0,0.1927554980595083
كسرام,2025-01-31,8670.0,-0.05965292841648595
كسرام,2025-02-28,7390.0,-0.14763552479815456
كسرام,2025-03-31,6400.0,-0.13396481732070364
كسرام,2025-04-30,7300.0,0.140625
كسرام,2025-05-31,9420.0,0.2904109589041095
كسرام,2025-06-30,7320.0,-0.22292993630573243
كسرام,2025-07-31,7110.0,-0.02868852459016391
كسرام,2025-08-31,7110.0,0.0
كسرام,2025-09-30,7110.0,0.0
كسرام,2025-10-31,7920.0,0.11392405063291133
كسرام,2025-11-30,7870.0,-0.0063131313131312705
كسرام,2025-12-31,9000.0,0.14358322744599739
كسرام,2026-01-31,8260.0,-0.0822222222222222
كسرام,2026-02-28,7880.0,-0.04600484261501214
كسرام,2026-03-31,7880.0,0.0
كسرام,2026-04-30,7880.0,0.0
كسرام,2026-05-31,8100.0,0.027918781725888353
كفرآور,2021-04-30,22682.0,-0.11701962005605726
كفرآور,2021-05-31,22884.0,0.008905740234547155
كفرآور,2021-06-30,21793.0,-0.047675231602866686
كفرآور,2021-07-31,19292.0,-0.11476162070389573
كفرآور,2021-08-31,20360.0,0.05535973460501764
كفرآور,2021-09-30,15585.0,-0.23452848722986253
كفرآور,2021-10-31,15205.0,-0.024382418992621058
كفرآور,2021-11-30,20623.0,0.35633015455442285
كفرآور,2021-12-31,18340.0,-0.11070164379576197
كفرآور,2022-01-31,17480.0,-0.04689203925845142
كفرآور,2022-02-28,15850.0,-0.09324942791762014
كفرآور,2022-03-31,16250.0,0.025236593059936974
كفرآور,2022-04-30,18410.0,0.13292307692307692
كفرآور,2022-05-31,16680.0,-0.09397066811515475
كفرآور,2022-06-30,15490.0,-0.07134292565947242
كفرآور,2022-07-31,14550.0,-0.060684312459651335
كفرآور,2022-08-31,13000.0,-0.10652920962199308
كفرآور,2022-09-30,11730.0,-0.09769230769230774
كفرآور,2022-10-31,10340.0,-0.1184995737425405
كفرآور,2022-11-30,11450.0,0.10735009671179885
كفرآور,2022-12-31,13630.0,0.19039301310043677
كفرآور,2023-01-31,13600.0,-0.002201027146001455
كفرآور,2023-02-28,16490.0,0.2124999999999999
كفرآور,2023-03-31,16730.0,0.014554275318374721
كفرآور,2023-04-30,26100.0,0.5600717274357441
كفرآور,2023-05-31,22450.0,-0.13984674329501912
كفرآور,2023-06-30,21500.0,-0.04231625835189312
كفرآور,2023-07-31,20900.0,-0.027906976744186074
كفرآور,2023-08-31,18170.0,-0.13062200956937797
كفرآور,2023-09-30,21700.0,0.1942762795817281
كفرآور,2023-10-31,20660.0,-0.04792626728110594
كفرآور,2023-11-30,21050.0,0.01887705711519838
كفرآور,2023-12-31,21600.0,0.026128266033254244
كفرآور,2024-01-31,18800.0,-0.12962962962962965
كفرآور,2024-02-29,18960.0,0.008510638297872353
كفرآور,2024-03-31,17590.0,-0.0722573839662447
كفرآور,2024-04-30,17040.0,-0.03126776577600909
كفرآور,2024-05-31,16750.0,-0.017018779342723
كفرآور,2024-06-30,15860.0,-0.05313432835820897
كفرآور,2024-07-31,15480.0,-0.023959646910466592
كفرآور,2024-08-31,15490.0,0.0006459948320414188
كفرآور,2024-09-30,14890.0,-0.03873466752743704
كفرآور,2024-10-31,13410.0,-0.09939556749496303
كفرآور,2024-11-30,14660.0,0.09321401938851603
كفرآور,2024-12-31,18500.0,0.2619372442019099
كفرآور,2025-01-31,19500.0,0.054054054054053946
كفرآور,2025-02-28,18500.0,-0.05128205128205132
كفرآور,2025-03-31,15340.0,-0.17081081081081084
كفرآور,2025-04-30,16960.0,0.105606258148631
كفرآور,2025-05-31,20350.0,0.19988207547169812
كفرآور,2025-06-30,19750.0,-0.029484029484029506
كفرآور,2025-07-31,19000.0,-0.03797468354430378
كفرآور,2025-08-31,15960.0,-0.16000000000000003
كفرآور,2025-09-30,15350.0,-0.038220551378446155
كفرآور,2025-10-31,17230.0,0.12247557003257326
كفرآور,2025-11-30,22050.0,0.27974463145676154
كفرآور,2025-12-31,27350.0,0.2403628117913832
كفرآور,2026-01-31,22000.0,-0.19561243144424134
كفرآور,2026-02-28,22250.0,0.011363636363636465
كفرآور,2026-03-31,22250.0,0.0
كفرآور,2026-04-30,22250.0,0.0
كفرآور,2026-05-31,22250.0,0.0
لابسا,2021-04-30,51400.0,-0.06528459719949087
لابسا,2021-05-31,46320.0,-0.0988326848249027
لابسا,2021-06-30,36410.0,-0.21394645941278068
لابسا,2021-07-31,37850.0,0.039549574292776724
لابسا,2021-08-31,39080.0,0.03249669749009243
لابسا,2021-09-30,38650.0,-0.011003070624360234
لابسا,2021-10-31,29160.0,-0.2455368693402329
لابسا,2021-11-30,36780.0,0.2613168724279835
لابسا,2021-12-31,32700.0,-0.11092985318107662
لابسا,2022-01-31,31350.0,-0.041284403669724745
لابسا,2022-02-28,6270.0,-0.8
لابسا,2022-03-31,7410.0,0.18181818181818188
لابسا,2022-04-30,7180.0,-0.031039136302294157
لابسا,2022-05-31,7630.0,0.06267409470752083
لابسا,2022-06-30,6700.0,-0.1218872870249017
لابسا,2022-07-31,5900.0,-0.11940298507462688
لابسا,2022-08-31,6260.0,0.0610169491525423
لابسا,2022-09-30,6180.0,-0.012779552715655007
لابسا,2022-10-31,5860.0,-0.05177993527508096
لابسا,2022-11-30,6190.0,0.056313993174061494
لابسا,2022-12-31,6850.0,0.10662358642972536
لابسا,2023-01-31,4950.0,-0.2773722627737226
لابسا,2023-02-28,5190.0,0.048484848484848575
لابسا,2023-03-31,5760.0,0.10982658959537561
لابسا,2023-04-30,9150.0,0.5885416666666667
لابسا,2023-05-31,9780.0,0.06885245901639347
لابسا,2023-06-30,8400.0,-0.14110429447852757
لابسا,2023-07-31,7540.0,-0.10238095238095235
لابسا,2023-08-31,6860.0,-0.09018567639257291
لابسا,2023-09-30,6970.0,0.016034985422740622
لابسا,2023-10-31,7900.0,0.13342898134863712
لابسا,2023-11-30,10150.0,0.28481012658227844
لابسا,2023-12-31,8730.0,-0.13990147783251228
لابسا,2024-01-31,7670.0,-0.12142038946162659
لابسا,2024-02-29,7120.0,-0.07170795306388522
لابسا,2024-03-31,9810.0,0.377808988764045
لابسا,2024-04-30,11860.0,0.20897043832823647
لابسا,2024-05-31,10350.0,-0.12731871838111297
لابسا,2024-06-30,8670.0,-0.16231884057971013
لابسا,2024-07-31,8060.0,-0.07035755478662054
لابسا,2024-08-31,7260.0,-0.09925558312655092
لابسا,2024-09-30,7390.0,0.017906336088154173
لابسا,2024-10-31,7170.0,-0.02976995940460081
لابسا,2024-11-30,7350.0,0.025104602510460206
لابسا,2024-12-31,8600.0,0.17006802721088432
لابسا,2025-01-31,10340.0,0.20232558139534884
لابسا,2025-02-28,8990.0,-0.13056092843326883
لابسا,2025-03-31,4740.0,-0.47274749721913234
لابسا,2025-04-30,4755.0,0.0031645569620253333
لابسا,2025-05-31,4960.0,0.04311251314405884
لابسا,2025-06-30,3860.0,-0.22177419354838712
لابسا,2025-07-31,3451.0,-0.1059585492227979
لابسا,2025-08-31,3271.0,-0.052158794552303656
لابسا,2025-09-30,3289.0,0.005502904310608292
لابسا,2025-10-31,3533.0,0.07418668288233499
لابسا,2025-11-30,3600.0,0.018964053212567222
لابسا,2025-12-31,4009.0,0.11361111111111111
لابسا,2026-01-31,3351.0,-0.16413070591169865
لابسا,2026-02-28,3218.0,-0.039689644882124786
لابسا,2026-03-31,3218.0,0.0
لابسا,2026-04-30,3218.0,0.0
لابسا,2026-05-31,3519.0,0.09353635798632687
وآذر,2021-04-30,81870.0,-0.005828779599271416
وآذر,2021-05-31,73820.0,-0.09832661536582388
وآذر,2021-06-30,72010.0,-0.02451910051476569
وآذر,2021-07-31,61780.0,-0.1420636022774615
وآذر,2021-08-31,76320.0,0.23535124635804472
وآذر,2021-09-30,57810.0,-0.24253144654088055
وآذر,2021-10-31,35820.0,-0.38038401660612353
وآذر,2021-11-30,40690.0,0.13595756560580674
وآذر,2021-12-31,35900.0,-0.11771934136151385
وآذر,2022-01-31,26830.0,-0.25264623955431753
وآذر,2022-02-28,46160.0,0.7204621692135669
وآذر,2022-03-31,66500.0,0.44064124783362213
وآذر,2022-04-30,94590.0,0.4224060150375939
وآذر,2022-05-31,113570.0,0.20065546040807702
وآذر,2022-06-30,86410.0,-0.23914766223474504
وآذر,2022-07-31,100050.0,0.15785210045133669
وآذر,2022-08-31,124120.0,0.24057971014492763
وآذر,2022-09-30,118590.0,-0.04455365775056397
وآذر,2022-10-31,102700.0,-0.13399106164094776
وآذر,2022-11-30,122740.0,0.19513145082765337
وآذر,2022-12-31,116200.0,-0.05328336320677851
وآذر,2023-01-31,107000.0,-0.0791738382099828
وآذر,2023-02-28,8850.0,-0.9172897196261682
وآذر,2023-03-31,11340.0,0.28135593220338984
وآذر,2023-04-30,14220.0,0.25396825396825395
وآذر,2023-05-31,12440.0,-0.12517580872011247
وآذر,2023-06-30,11500.0,-0.07556270096463025
وآذر,2023-07-31,10670.0,-0.07217391304347831
وآذر,2023-08-31,10220.0,-0.04217432052483594
وآذر,2023-09-30,10130.0,-0.008806262230919737
وآذر,2023-10-31,8080.0,-0.20236920039486672
وآذر,2023-11-30,8170.0,0.011138613861386037
وآذر,2023-12-31,8180.0,0.001223990208078396
وآذر,2024-01-31,8450.0,0.033007334963325086
وآذر,2024-02-29,9220.0,0.09112426035502952
وآذر,2024-03-31,10230.0,0.1095444685466378
وآذر,2024-04-30,9180.0,-0.1026392961876833
وآذر,2024-05-31,7470.0,-0.18627450980392157
وآذر,2024-06-30,6530.0,-0.12583668005354753
وآذر,2024-07-31,5110.0,-0.21745788667687593
وآذر,2024-08-31,4737.0,-0.07299412915851267
وآذر,2024-09-30,5300.0,0.11885159383576105
وآذر,2024-10-31,4785.0,-0.09716981132075475
وآذر,2024-11-30,5160.0,0.07836990595611293
وآذر,2024-12-31,5680.0,0.10077519379844957
وآذر,2025-01-31,5360.0,-0.05633802816901412
وآذر,2025-02-28,5160.0,-0.03731343283582089
وآذر,2025-03-31,4554.0,-0.11744186046511629
وآذر,2025-04-30,5460.0,0.19894598155467724
وآذر,2025-05-31,5270.0,-0.034798534798534786
وآذر,2025-06-30,5140.0,-0.024667931688804545
وآذر,2025-07-31,4251.0,-0.17295719844357982
وآذر,2025-08-31,3403.0,-0.19948247471183256
وآذر,2025-09-30,3310.0,-0.02732882750514254
وآذر,2025-10-31,4050.0,0.22356495468277937
وآذر,2025-11-30,3840.0,-0.051851851851851816
وآذر,2025-12-31,4822.0,0.25572916666666656
وآذر,2026-01-31,3839.0,-0.2038573206138532
وآذر,2026-02-28,3713.0,-0.03282104714769474
وآذر,2026-03-31,3713.0,0.0
وآذر,2026-04-30,3713.0,0.0
وآذر,2026-05-31,3952.0,0.06436843522757885
واتي,2021-04-30,10080.0,-0.2149532710280374
واتي,2021-05-31,8920.0,-0.11507936507936511
واتي,2021-06-30,9980.0,0.1188340807174888
واتي,2021-07-31,11570.0,0.1593186372745492
واتي,2021-08-31,12410.0,0.07260155574762317
واتي,2021-09-30,11440.0,-0.07816277195809829
واتي,2021-10-31,9600.0,-0.16083916083916083
واتي,2021-11-30,9700.0,0.01041666666666674
واتي,2021-12-31,9990.0,0.02989690721649474
واتي,2022-01-31,8110.0,-0.18818818818818817
واتي,2022-02-28,8000.0,-0.013563501849568449
واتي,2022-03-31,9380.0,0.1725000000000001
واتي,2022-04-30,8620.0,-0.08102345415778256
واتي,2022-05-31,11010.0,0.27726218097447797
واتي,2022-06-30,9640.0,-0.1244323342415985
واتي,2022-07-31,8380.0,-0.13070539419087135
واتي,2022-08-31,8860.0,0.05727923627684972
واتي,2022-09-30,8020.0,-0.09480812641083525
واتي,2022-10-31,7440.0,-0.07231920199501252
واتي,2022-11-30,8790.0,0.18145161290322576
واتي,2022-12-31,9960.0,0.13310580204778155
واتي,2023-01-31,9860.0,-0.010040160642570295
واتي,2023-02-28,12950.0,0.31338742393509134
واتي,2023-03-31,17500.0,0.3513513513513513
واتي,2023-04-30,18750.0,0.0714285714285714
واتي,2023-05-31,17330.0,-0.07573333333333332
واتي,2023-06-30,14940.0,-0.13791113675706868
واتي,2023-07-31,12730.0,-0.1479250334672021
واتي,2023-08-31,14180.0,0.11390416339355847
واتي,2023-09-30,13890.0,-0.020451339915373734
واتي,2023-10-31,12630.0,-0.09071274298056153
واتي,2023-11-30,9400.0,-0.25574030087094224
واتي,2023-12-31,8510.0,-0.09468085106382984
واتي,2024-01-31,8000.0,-0.059929494712103404
واتي,2024-02-29,8050.0,0.006250000000000089
واتي,2024-03-31,9740.0,0.2099378881987577
واتي,2024-04-30,7300.0,-0.2505133470225873
واتي,2024-05-31,6370.0,-0.12739726027397258
واتي,2024-06-30,6400.0,0.0047095761381474865
واتي,2024-07-31,6100.0,-0.046875
واتي,2024-08-31,6260.0,0.026229508196721207
واتي,2024-09-30,6870.0,0.09744408945686911
واتي,2024-10-31,6080.0,-0.11499272197962151
واتي,2024-11-30,6800.0,0.11842105263157898
واتي,2024-12-31,8180.0,0.20294117647058818
واتي,2025-01-31,8830.0,0.07946210268948661
واتي,2025-02-28,8480.0,-0.03963759909399778
واتي,2025-03-31,8030.0,-0.05306603773584906
واتي,2025-04-30,4448.0,-0.4460772104607721
واتي,2025-05-31,4671.0,0.05013489208633093
واتي,2025-06-30,4093.0,-0.12374223934917572
واتي,2025-07-31,3701.0,-0.09577327143904224
واتي,2025-08-31,3260.0,-0.11915698459875712
واتي,2025-09-30,3487.0,0.06963190184049073
واتي,2025-10-31,4449.0,0.2758818468597648
واتي,2025-11-30,4340.0,-0.024499887615194393
واتي,2025-12-31,5390.0,0.24193548387096775
واتي,2026-01-31,4715.0,-0.12523191094619668
واتي,2026-02-28,4363.0,-0.07465535524920464
واتي,2026-03-31,4363.0,0.0
واتي,2026-04-30,4363.0,0.0
واتي,2026-05-31,4312.0,-0.011689204675681908
وساپا,2021-04-30,4720.0,-0.19727891156462585
وساپا,2021-05-31,4085.0,-0.13453389830508478
وساپا,2021-06-30,5100.0,0.24847001223990217
وساپا,2021-07-31,4875.0,-0.044117647058823484
وساپا,2021-08-31,5890.0,0.20820512820512826
وساپا,2021-09-30,4820.0,-0.1816638370118846
وساپا,2021-10-31,3780.0,-0.2157676348547718
وساپا,2021-11-30,4750.0,0.2566137566137565
وساپا,2021-12-31,4225.0,-0.1105263157894737
وساپا,2022-01-31,2567.0,-0.3924260355029586
وساپا,2022-02-28,3029.0,0.17997662641215428
وساپا,2022-03-31,3925.0,0.2958071970947507
وساپا,2022-04-30,5430.0,0.3834394904458598
وساپا,2022-05-31,4225.0,-0.2219152854511971
وساپا,2022-06-30,5970.0,0.4130177514792899
وساپا,2022-07-31,4510.0,-0.2445561139028476
وساپا,2022-08-31,5130.0,0.1374722838137472
وساپا,2022-09-30,4517.0,-0.1194931773879142
وساپا,2022-10-31,3520.0,-0.22072171795439455
وساپا,2022-11-30,4749.0,0.34914772727272725
وساپا,2022-12-31,5580.0,0.1749842072015162
وساپا,2023-01-31,5260.0,-0.05734767025089604
وساپا,2023-02-28,5200.0,-0.011406844106463865
وساپا,2023-03-31,6100.0,0.17307692307692313
وساپا,2023-04-30,8470.0,0.3885245901639345
وساپا,2023-05-31,6180.0,-0.27036599763872493
وساپا,2023-06-30,5800.0,-0.06148867313915862
وساپا,2023-07-31,4371.0,-0.24637931034482763
وساپا,2023-08-31,5550.0,0.26973232669869596
وساپا,2023-09-30,5020.0,-0.09549549549549552
وساپا,2023-10-31,4001.0,-0.2029880478087649
وساپا,2023-11-30,4928.0,0.2316920769807549
وساپا,2023-12-31,4858.0,-0.014204545454545414
وساپا,2024-01-31,4509.0,-0.07184026348291483
وساپا,2024-02-29,4550.0,0.009092925260590023
وساپا,2024-03-31,5660.0,0.24395604395604398
وساپا,2024-04-30,4900.0,-0.13427561837455826
وساپا,2024-05-31,4195.0,-0.1438775510204081
وساپا,2024-06-30,3693.0,-0.11966626936829561
وساپا,2024-07-31,3157.0,-0.1451394530192256
وساپا,2024-08-31,3042.0,-0.036426987646499875
وساپا,2024-09-30,3629.0,0.19296515450361595
وساپا,2024-10-31,3240.0,-0.10719206392945713
وساپا,2024-11-30,4013.0,0.23858024691358026
وساپا,2024-12-31,4682.0,0.16670819835534512
وساپا,2025-01-31,5210.0,0.11277231952157196
وساپا,2025-02-28,4903.0,-0.05892514395393478
وساپا,2025-03-31,3576.0,-0.2706506220681215
وساپا,2025-04-30,5250.0,0.4681208053691275
وساپا,2025-05-31,5750.0,0.09523809523809534
وساپا,2025-06-30,4760.0,-0.1721739130434783
وساپا,2025-07-31,3950.0,-0.1701680672268907
وساپا,2025-08-31,3824.0,-0.03189873417721523
وساپا,2025-09-30,3832.0,0.0020920502092049986
وساپا,2025-10-31,5750.0,0.5005219206680585
وساپا,2025-11-30,5970.0,0.03826086956521735
وساپا,2025-12-31,7220.0,0.20938023450586263
وساپا,2026-01-31,6100.0,-0.15512465373961215
وساپا,2026-02-28,6310.0,0.03442622950819674
وساپا,2026-03-31,6310.0,0.0
وساپا,2026-04-30,6310.0,0.0
وساپا,2026-05-31,6140.0,-0.02694136291600635
ونيكي,2021-04-30,8530.0,-0.21527138914443422
ونيكي,2021-05-31,7820.0,-0.08323563892145369
ونيكي,2021-06-30,9290.0,0.1879795396419437
ونيكي,2021-07-31,9940.0,0.06996770721205592
ونيكي,2021-08-31,11500.0,0.1569416498993963
ونيكي,2021-09-30,10540.0,-0.08347826086956522
ونيكي,2021-10-31,9690.0,-0.08064516129032262
ونيكي,2021-11-30,9690.0,0.0
ونيكي,2021-12-31,9460.0,-0.023735810113519107
ونيكي,2022-01-31,8900.0,-0.059196617336152224
ونيكي,2022-02-28,8430.0,-0.05280898876404494
ونيكي,2022-03-31,9560.0,0.13404507710557523
ونيكي,2022-04-30,9650.0,0.009414225941422494
ونيكي,2022-05-31,9550.0,-0.010362694300518172
ونيكي,2022-06-30,9040.0,-0.05340314136125657
ونيكي,2022-07-31,8260.0,-0.08628318584070793
ونيكي,2022-08-31,8580.0,0.03874092009685226
ونيكي,2022-09-30,4380.0,-0.4895104895104895
ونيكي,2022-10-31,4325.0,-0.01255707762557079
ونيكي,2022-11-30,4675.0,0.08092485549132955
ونيكي,2022-12-31,6400.0,0.36898395721925126
ونيكي,2023-01-31,6370.0,-0.004687499999999956
ونيكي,2023-02-28,7380.0,0.15855572998430145
ونيكي,2023-03-31,7990.0,0.08265582655826553
ونيكي,2023-04-30,10110.0,0.265331664580726
ونيكي,2023-05-31,8160.0,-0.19287833827893175
ونيكي,2023-06-30,7830.0,-0.0404411764705882
ونيكي,2023-07-31,6980.0,-0.10855683269476368
ونيكي,2023-08-31,7050.0,0.01002865329512903
ونيكي,2023-09-30,6640.0,-0.0581560283687943
ونيكي,2023-10-31,6230.0,-0.06174698795180722
ونيكي,2023-11-30,6570.0,0.054574638844301804
ونيكي,2023-12-31,7190.0,0.09436834094368352
ونيكي,2024-01-31,6710.0,-0.06675938803894299
ونيكي,2024-02-29,7270.0,0.08345752608047685
ونيكي,2024-03-31,7770.0,0.06877579092159558
ونيكي,2024-04-30,6810.0,-0.12355212355212353
ونيكي,2024-05-31,6650.0,-0.023494860499265746
ونيكي,2024-06-30,6410.0,-0.03609022556390973
ونيكي,2024-07-31,6260.0,-0.023400936037441533
ونيكي,2024-08-31,6400.0,0.022364217252396124
ونيكي,2024-09-30,6850.0,0.0703125
ونيكي,2024-10-31,6540.0,-0.045255474452554734
ونيكي,2024-11-30,7700.0,0.17737003058103973
ونيكي,2024-12-31,9870.0,0.28181818181818175
ونيكي,2025-01-31,5430.0,-0.4498480243161094
ونيكي,2025-02-28,5440.0,0.0018416206261511192
ونيكي,2025-03-31,5160.0,-0.05147058823529416
ونيكي,2025-04-30,5330.0,0.032945736434108586
ونيكي,2025-05-31,5490.0,0.030018761726078758
ونيكي,2025-06-30,5090.0,-0.07285974499089254
ونيكي,2025-07-31,4741.0,-0.06856581532416506
ونيكي,2025-08-31,4305.0,-0.09196372073402237
ونيكي,2025-09-30,4655.0,0.08130081300813008
ونيكي,2025-10-31,4452.0,-0.043609022556390986
ونيكي,2025-11-30,4399.0,-0.011904761904761862
ونيكي,2025-12-31,5910.0,0.3434871561718573
ونيكي,2026-01-31,5500.0,-0.0693739424703892
ونيكي,2026-02-28,5220.0,-0.050909090909090904
ونيكي,2026-03-31,5220.0,0.0
ونيكي,2026-04-30,4700.0,-0.09961685823754785
ونيكي,2026-05-31,5347.0,0.13765957446808508
وپارس,2021-04-30,2500.0,-0.1582491582491582
وپارس,2021-05-31,2822.0,0.12880000000000003
وپارس,2021-06-30,2700.0,-0.04323175053153794
وپارس,2021-07-31,2760.0,0.022222222222222143
وپارس,2021-08-31,3051.0,0.10543478260869565
وپارس,2021-09-30,2670.0,-0.12487708947885934
وپارس,2021-10-31,1999.0,-0.251310861423221
وپارس,2021-11-30,2083.0,0.04202101050525253
وپارس,2021-12-31,1960.0,-0.05904944791166589
وپارس,2022-01-31,1671.0,-0.14744897959183678
وپارس,2022-02-28,1771.0,0.059844404548174746
وپارس,2022-03-31,1900.0,0.07284020327498597
وپارس,2022-04-30,2172.0,0.14315789473684215
وپارس,2022-05-31,1830.0,-0.1574585635359116
وپارس,2022-06-30,1824.0,-0.003278688524590123
وپارس,2022-07-31,1734.0,-0.049342105263157854
وپارس,2022-08-31,1780.0,0.026528258362168433
وپارس,2022-09-30,1635.0,-0.0814606741573034
وپارس,2022-10-31,1481.0,-0.09418960244648322
وپارس,2022-11-30,1550.0,0.04659014179608367
وپارس,2022-12-31,1690.0,0.0903225806451613
وپارس,2023-01-31,1795.0,0.062130177514792884
وپارس,2023-02-28,1820.0,0.013927576601671321
وپارس,2023-03-31,2150.0,0.18131868131868134
وپارس,2023-04-30,2790.0,0.29767441860465116
وپارس,2023-05-31,2461.0,-0.11792114695340505
وپارس,2023-06-30,2250.0,-0.08573750507923605
وپارس,2023-07-31,1988.0,-0.11644444444444446
وپارس,2023-08-31,1894.0,-0.04728370221327971
وپارس,2023-09-30,1749.0,-0.07655755015839494
وپارس,2023-10-31,1592.0,-0.08976558033161808
وپارس,2023-11-30,1726.0,0.08417085427135684
وپارس,2023-12-31,1927.0,0.11645422943221329
وپارس,2024-01-31,1730.0,-0.10223144784639338
وپارس,2024-02-29,1885.0,0.08959537572254339
وپارس,2024-03-31,1989.0,0.05517241379310356
وپارس,2024-04-30,1902.0,-0.043740573152337814
وپارس,2024-05-31,1920.0,0.009463722397476282
وپارس,2024-06-30,1710.0,-0.109375
وپارس,2024-07-31,1651.0,-0.034502923976608146
وپارس,2024-08-31,1675.0,0.014536644457904258
وپارس,2024-09-30,2058.0,0.22865671641791052
وپارس,2024-10-31,2105.0,0.022837706511176004
وپارس,2024-11-30,2723.0,0.2935866983372921
وپارس,2024-12-31,3112.0,0.1428571428571428
وپارس,2025-01-31,3393.0,0.09029562982005146
وپارس,2025-02-28,2893.0,-0.1473622163277336
وپارس,2025-03-31,3152.0,0.08952644313861047
وپارس,2025-04-30,3636.0,0.15355329949238583
وپارس,2025-05-31,3438.0,-0.054455445544554504
وپارس,2025-06-30,2959.0,-0.13932518906340896
وپارس,2025-07-31,2863.0,-0.03244339303818855
وپارس,2025-08-31,2513.0,-0.12224938875305624
وپارس,2025-09-30,2375.0,-0.0549144448865897
وپارس,2025-10-31,3027.0,0.27452631578947373
وپارس,2025-11-30,2849.0,-0.05880409646514706
وپارس,2025-12-31,1758.0,-0.3829413829413829
وپارس,2026-01-31,1414.0,-0.19567690557451645
وپارس,2026-02-28,1266.0,-0.10466760961810462
وپارس,2026-03-31,1266.0,0.0
وپارس,2026-04-30,1266.0,0.0
وپارس,2026-05-31,1288.0,0.017377567140600236
پاسا,2021-04-30,25880.0,-0.010703363914373099
پاسا,2021-05-31,25340.0,-0.02086553323029361
پاسا,2021-06-30,19000.0,-0.250197316495659
پاسا,2021-07-31,20620.0,0.08526315789473693
پاسا,2021-08-31,21760.0,0.05528612997090199
پاسا,2021-09-30,19250.0,-0.11534926470588236
پاسا,2021-10-31,14280.0,-0.2581818181818182
پاسا,2021-11-30,13880.0,-0.02801120448179273
پاسا,2021-12-31,13320.0,-0.04034582132564846
پاسا,2022-01-31,11000.0,-0.17417417417417413
پاسا,2022-02-28,10960.0,-0.0036363636363636598
پاسا,2022-03-31,11450.0,0.04470802919708028
پاسا,2022-04-30,13520.0,0.18078602620087336
پاسا,2022-05-31,13800.0,0.020710059171597628
پاسا,2022-06-30,12390.0,-0.10217391304347823
پاسا,2022-07-31,11790.0,-0.048426150121065326
پاسا,2022-08-31,13120.0,0.11280746395250207
پاسا,2022-09-30,12560.0,-0.04268292682926833
پاسا,2022-10-31,12810.0,0.019904458598726027
پاسا,2022-11-30,15830.0,0.23575331772053087
پاسا,2022-12-31,18760.0,0.18509159823120647
پاسا,2023-01-31,9720.0,-0.4818763326226013
پاسا,2023-02-28,10010.0,0.029835390946502116
پاسا,2023-03-31,11710.0,0.16983016983016985
پاسا,2023-04-30,15900.0,0.3578138343296329
پاسا,2023-05-31,14170.0,-0.10880503144654086
پاسا,2023-06-30,13900.0,-0.019054340155257532
پاسا,2023-07-31,15270.0,0.09856115107913666
پاسا,2023-08-31,18900.0,0.23772102161100195
پاسا,2023-09-30,16240.0,-0.14074074074074072
پاسا,2023-10-31,15400.0,-0.051724137931034475
پاسا,2023-11-30,18590.0,0.20714285714285707
پاسا,2023-12-31,18450.0,-0.007530930607853703
پاسا,2024-01-31,16480.0,-0.10677506775067747
پاسا,2024-02-29,14900.0,-0.095873786407767
پاسا,2024-03-31,15770.0,0.05838926174496639
پاسا,2024-04-30,15950.0,0.011414077362079889
پاسا,2024-05-31,12200.0,-0.23510971786833856
پاسا,2024-06-30,11300.0,-0.07377049180327866
پاسا,2024-07-31,10770.0,-0.04690265486725664
پاسا,2024-08-31,10310.0,-0.04271123491179196
پاسا,2024-09-30,11370.0,0.10281280310378271
پاسا,2024-10-31,11000.0,-0.03254177660510116
پاسا,2024-11-30,13840.0,0.2581818181818183
پاسا,2024-12-31,16980.0,0.22687861271676302
پاسا,2025-01-31,21050.0,0.2396937573616018
پاسا,2025-02-28,19210.0,-0.08741092636579573
پاسا,2025-03-31,18020.0,-0.06194690265486724
پاسا,2025-04-30,23330.0,0.29467258601553836
پاسا,2025-05-31,19080.0,-0.18216888126875264
پاسا,2025-06-30,15330.0,-0.19654088050314467
پاسا,2025-07-31,13110.0,-0.14481409001956946
پاسا,2025-08-31,10640.0,-0.18840579710144922
پاسا,2025-09-30,12520.0,0.17669172932330834
پاسا,2025-10-31,15000.0,0.19808306709265167
پاسا,2025-11-30,14490.0,-0.03400000000000003
پاسا,2025-12-31,18000.0,0.2422360248447204
پاسا,2026-01-31,15870.0,-0.11833333333333329
پاسا,2026-02-28,14200.0,-0.10522999369880282
پاسا,2026-03-31,14200.0,0.0
پاسا,2026-04-30,14200.0,0.0
پاسا,2026-05-31,14160.0,-0.0028169014084507005
